country_id,country_name,country_text_id,year,v2x_regime,v2x_polyarchy,v2x_polyarchy_codelow,v2x_polyarchy_codehigh,v2x_polyarchy_sd,v2x_libdem,v2x_libdem_codelow,v2x_libdem_codehigh,v2x_libdem_sd,v2x_partipdem,v2x_partipdem_codelow,v2x_partipdem_codehigh,v2x_partipdem_sd,v2x_delibdem,v2x_delibdem_codelow,v2x_delibdem_codehigh,v2x_delibdem_sd,v2x_egaldem,v2x_egaldem_codelow,v2x_egaldem_codehigh,v2x_egaldem_sd
3,Mexico,MEX,2000,2.0,0.664,0.604,0.723,0.061,0.481,0.426,0.535,0.055,0.418,0.37,0.465,0.048,0.471,0.394,0.545,0.075,0.345,0.281,0.396,0.059
3,Mexico,MEX,2001,2.0,0.677,0.622,0.74,0.06,0.489,0.434,0.543,0.055,0.423,0.375,0.47,0.048,0.537,0.465,0.599,0.067,0.346,0.294,0.407,0.057
3,Mexico,MEX,2002,2.0,0.688,0.635,0.758,0.06,0.495,0.436,0.548,0.056,0.428,0.379,0.476,0.048,0.547,0.481,0.618,0.069,0.351,0.295,0.41,0.058
3,Mexico,MEX,2003,2.0,0.699,0.645,0.762,0.058,0.502,0.449,0.558,0.055,0.436,0.386,0.483,0.048,0.557,0.487,0.623,0.068,0.362,0.308,0.421,0.056
3,Mexico,MEX,2004,2.0,0.71,0.655,0.766,0.057,0.511,0.459,0.565,0.055,0.443,0.394,0.489,0.048,0.567,0.493,0.628,0.067,0.368,0.316,0.429,0.056
3,Mexico,MEX,2005,2.0,0.71,0.655,0.766,0.057,0.511,0.459,0.565,0.055,0.443,0.394,0.489,0.048,0.576,0.513,0.642,0.066,0.368,0.316,0.429,0.056
3,Mexico,MEX,2006,2.0,0.671,0.617,0.734,0.059,0.479,0.426,0.531,0.054,0.416,0.369,0.463,0.047,0.538,0.471,0.603,0.067,0.348,0.289,0.401,0.056
3,Mexico,MEX,2007,2.0,0.637,0.574,0.7,0.063,0.452,0.393,0.502,0.055,0.395,0.346,0.439,0.047,0.526,0.455,0.582,0.065,0.325,0.269,0.377,0.054
3,Mexico,MEX,2008,2.0,0.642,0.584,0.714,0.064,0.455,0.397,0.507,0.055,0.4,0.354,0.452,0.049,0.527,0.463,0.59,0.064,0.329,0.267,0.376,0.055
3,Mexico,MEX,2009,2.0,0.648,0.593,0.713,0.061,0.46,0.401,0.511,0.056,0.403,0.359,0.453,0.047,0.533,0.474,0.599,0.064,0.328,0.265,0.37,0.053
3,Mexico,MEX,2010,2.0,0.661,0.614,0.732,0.06,0.47,0.412,0.52,0.055,0.413,0.371,0.464,0.047,0.543,0.475,0.603,0.065,0.339,0.283,0.394,0.056
3,Mexico,MEX,2011,2.0,0.66,0.601,0.72,0.06,0.469,0.412,0.522,0.055,0.411,0.368,0.464,0.048,0.542,0.472,0.602,0.065,0.342,0.286,0.399,0.057
3,Mexico,MEX,2012,2.0,0.649,0.592,0.716,0.062,0.461,0.411,0.52,0.055,0.405,0.357,0.45,0.047,0.539,0.478,0.608,0.065,0.336,0.284,0.395,0.056
3,Mexico,MEX,2013,2.0,0.623,0.564,0.684,0.061,0.425,0.371,0.476,0.053,0.375,0.331,0.422,0.046,0.499,0.44,0.566,0.064,0.319,0.262,0.37,0.055
3,Mexico,MEX,2014,2.0,0.62,0.566,0.695,0.063,0.424,0.364,0.468,0.053,0.374,0.321,0.416,0.047,0.497,0.436,0.564,0.065,0.32,0.266,0.379,0.056
3,Mexico,MEX,2015,2.0,0.639,0.576,0.699,0.063,0.433,0.377,0.486,0.055,0.398,0.347,0.443,0.048,0.497,0.434,0.567,0.067,0.333,0.277,0.394,0.057
3,Mexico,MEX,2016,2.0,0.64,0.582,0.702,0.063,0.433,0.377,0.485,0.055,0.395,0.35,0.443,0.048,0.497,0.43,0.56,0.066,0.333,0.269,0.388,0.057
3,Mexico,MEX,2017,2.0,0.635,0.578,0.703,0.062,0.439,0.381,0.49,0.055,0.405,0.349,0.444,0.047,0.487,0.418,0.551,0.066,0.331,0.272,0.382,0.056
3,Mexico,MEX,2018,2.0,0.675,0.62,0.742,0.062,0.455,0.397,0.511,0.058,0.426,0.376,0.477,0.052,0.488,0.417,0.562,0.072,0.371,0.314,0.428,0.058
3,Mexico,MEX,2019,2.0,0.685,0.626,0.747,0.06,0.434,0.376,0.481,0.053,0.416,0.367,0.465,0.049,0.425,0.349,0.495,0.073,0.395,0.337,0.45,0.058
3,Mexico,MEX,2020,2.0,0.663,0.613,0.735,0.061,0.406,0.346,0.455,0.055,0.408,0.358,0.456,0.049,0.407,0.342,0.48,0.071,0.371,0.314,0.428,0.057
3,Mexico,MEX,2021,2.0,0.618,0.555,0.681,0.063,0.37,0.318,0.419,0.051,0.394,0.345,0.442,0.048,0.383,0.312,0.45,0.07,0.332,0.277,0.382,0.054
3,Mexico,MEX,2022,2.0,0.586,0.534,0.658,0.062,0.334,0.289,0.388,0.049,0.406,0.355,0.454,0.048,0.358,0.288,0.419,0.067,0.315,0.272,0.372,0.051
3,Mexico,MEX,2023,2.0,0.549,0.49,0.613,0.062,0.307,0.257,0.348,0.047,0.387,0.339,0.433,0.048,0.333,0.265,0.393,0.065,0.297,0.241,0.342,0.05
3,Mexico,MEX,2024,2.0,0.505,0.447,0.567,0.06,0.251,0.208,0.288,0.042,0.345,0.299,0.385,0.044,0.26,0.201,0.315,0.057,0.268,0.225,0.317,0.047
4,Suriname,SUR,2000,2.0,0.784,0.727,0.84,0.058,0.667,0.607,0.727,0.06,0.511,0.459,0.561,0.051,0.628,0.569,0.714,0.073,0.58,0.519,0.653,0.067
4,Suriname,SUR,2001,2.0,0.779,0.729,0.839,0.055,0.665,0.613,0.73,0.058,0.51,0.457,0.553,0.049,0.627,0.554,0.694,0.071,0.582,0.522,0.652,0.064
4,Suriname,SUR,2002,2.0,0.779,0.729,0.839,0.055,0.665,0.613,0.73,0.058,0.508,0.455,0.551,0.049,0.627,0.554,0.694,0.071,0.582,0.522,0.652,0.064
4,Suriname,SUR,2003,2.0,0.779,0.729,0.839,0.055,0.665,0.613,0.73,0.058,0.505,0.452,0.547,0.049,0.627,0.554,0.694,0.071,0.582,0.522,0.652,0.064
4,Suriname,SUR,2004,2.0,0.779,0.729,0.839,0.055,0.665,0.613,0.73,0.058,0.503,0.449,0.545,0.048,0.627,0.554,0.694,0.071,0.582,0.522,0.652,0.064
4,Suriname,SUR,2005,2.0,0.776,0.728,0.839,0.057,0.661,0.605,0.723,0.059,0.496,0.446,0.542,0.049,0.623,0.555,0.698,0.073,0.578,0.522,0.65,0.064
4,Suriname,SUR,2006,2.0,0.774,0.727,0.839,0.058,0.658,0.6,0.718,0.06,0.496,0.45,0.546,0.05,0.62,0.555,0.701,0.075,0.575,0.522,0.65,0.064
4,Suriname,SUR,2007,2.0,0.771,0.727,0.839,0.059,0.657,0.6,0.72,0.06,0.494,0.452,0.55,0.05,0.618,0.546,0.692,0.074,0.573,0.513,0.641,0.065
4,Suriname,SUR,2008,2.0,0.772,0.725,0.84,0.059,0.658,0.599,0.721,0.061,0.493,0.449,0.554,0.052,0.618,0.549,0.698,0.076,0.573,0.51,0.642,0.066
4,Suriname,SUR,2009,2.0,0.772,0.725,0.84,0.059,0.658,0.599,0.721,0.061,0.493,0.449,0.554,0.052,0.618,0.549,0.698,0.076,0.573,0.51,0.642,0.066
4,Suriname,SUR,2010,2.0,0.762,0.709,0.821,0.058,0.637,0.576,0.694,0.06,0.484,0.439,0.537,0.05,0.618,0.552,0.69,0.07,0.564,0.491,0.626,0.066
4,Suriname,SUR,2011,2.0,0.753,0.698,0.812,0.059,0.629,0.576,0.697,0.06,0.479,0.432,0.532,0.05,0.611,0.542,0.681,0.07,0.565,0.505,0.637,0.066
4,Suriname,SUR,2012,2.0,0.753,0.698,0.812,0.059,0.63,0.563,0.682,0.059,0.479,0.432,0.532,0.05,0.611,0.542,0.681,0.07,0.567,0.493,0.624,0.066
4,Suriname,SUR,2013,2.0,0.755,0.702,0.815,0.058,0.631,0.579,0.7,0.06,0.474,0.428,0.526,0.05,0.616,0.529,0.676,0.072,0.563,0.492,0.625,0.066
4,Suriname,SUR,2014,2.0,0.755,0.702,0.815,0.058,0.631,0.579,0.7,0.06,0.474,0.428,0.526,0.05,0.61,0.543,0.684,0.072,0.558,0.501,0.634,0.066
4,Suriname,SUR,2015,2.0,0.762,0.709,0.82,0.057,0.637,0.584,0.703,0.06,0.479,0.43,0.53,0.05,0.615,0.553,0.694,0.072,0.562,0.505,0.636,0.065
4,Suriname,SUR,2016,2.0,0.767,0.717,0.827,0.056,0.63,0.577,0.695,0.059,0.484,0.436,0.533,0.049,0.612,0.545,0.694,0.075,0.57,0.502,0.628,0.064
4,Suriname,SUR,2017,2.0,0.757,0.706,0.815,0.057,0.632,0.572,0.69,0.06,0.479,0.428,0.526,0.049,0.61,0.543,0.682,0.07,0.56,0.493,0.623,0.064
4,Suriname,SUR,2018,2.0,0.76,0.709,0.823,0.057,0.622,0.564,0.676,0.059,0.481,0.433,0.532,0.049,0.611,0.536,0.674,0.071,0.563,0.502,0.633,0.064
4,Suriname,SUR,2019,2.0,0.756,0.704,0.815,0.057,0.593,0.542,0.66,0.059,0.476,0.423,0.523,0.049,0.602,0.539,0.679,0.072,0.553,0.484,0.618,0.067
4,Suriname,SUR,2020,2.0,0.76,0.707,0.818,0.058,0.641,0.58,0.695,0.059,0.483,0.436,0.536,0.05,0.562,0.492,0.648,0.079,0.55,0.486,0.617,0.067
4,Suriname,SUR,2021,2.0,0.764,0.707,0.822,0.058,0.643,0.589,0.71,0.061,0.496,0.447,0.547,0.051,0.601,0.535,0.69,0.078,0.56,0.495,0.633,0.069
4,Suriname,SUR,2022,2.0,0.78,0.72,0.83,0.056,0.655,0.6,0.716,0.059,0.506,0.452,0.551,0.05,0.613,0.537,0.689,0.077,0.579,0.518,0.649,0.067
4,Suriname,SUR,2023,3.0,0.768,0.709,0.824,0.059,0.639,0.579,0.699,0.063,0.497,0.442,0.544,0.052,0.599,0.54,0.696,0.077,0.564,0.495,0.633,0.069
4,Suriname,SUR,2024,2.0,0.768,0.709,0.824,0.059,0.637,0.581,0.704,0.062,0.497,0.442,0.544,0.052,0.599,0.54,0.696,0.077,0.575,0.51,0.648,0.07
15,Colombia,COL,2000,2.0,0.548,0.476,0.607,0.066,0.426,0.381,0.486,0.053,0.368,0.312,0.408,0.049,0.349,0.272,0.423,0.075,0.321,0.265,0.375,0.056
15,Colombia,COL,2001,2.0,0.549,0.479,0.607,0.066,0.425,0.369,0.473,0.053,0.367,0.32,0.414,0.048,0.35,0.272,0.42,0.074,0.321,0.267,0.373,0.056
15,Colombia,COL,2002,2.0,0.538,0.472,0.599,0.063,0.422,0.374,0.473,0.049,0.36,0.309,0.398,0.045,0.33,0.266,0.389,0.063,0.317,0.261,0.367,0.054
15,Colombia,COL,2003,2.0,0.545,0.483,0.604,0.063,0.432,0.378,0.476,0.05,0.379,0.335,0.422,0.045,0.32,0.254,0.385,0.065,0.319,0.261,0.367,0.054
15,Colombia,COL,2004,2.0,0.546,0.486,0.611,0.062,0.433,0.379,0.479,0.05,0.378,0.333,0.42,0.044,0.322,0.25,0.382,0.064,0.322,0.265,0.371,0.054
15,Colombia,COL,2005,2.0,0.551,0.468,0.595,0.063,0.439,0.384,0.483,0.05,0.381,0.337,0.425,0.045,0.357,0.297,0.416,0.062,0.324,0.258,0.366,0.056
15,Colombia,COL,2006,2.0,0.573,0.506,0.627,0.061,0.453,0.4,0.499,0.05,0.396,0.35,0.44,0.046,0.374,0.307,0.434,0.064,0.335,0.274,0.383,0.055
15,Colombia,COL,2007,2.0,0.589,0.521,0.643,0.061,0.468,0.417,0.52,0.052,0.406,0.36,0.453,0.047,0.382,0.308,0.44,0.065,0.344,0.286,0.396,0.056
15,Colombia,COL,2008,2.0,0.588,0.528,0.647,0.061,0.468,0.418,0.518,0.051,0.405,0.36,0.45,0.046,0.388,0.317,0.454,0.069,0.344,0.288,0.395,0.057
15,Colombia,COL,2009,2.0,0.592,0.536,0.656,0.06,0.472,0.417,0.518,0.051,0.403,0.36,0.451,0.046,0.39,0.322,0.457,0.068,0.35,0.293,0.401,0.056
15,Colombia,COL,2010,2.0,0.626,0.57,0.689,0.061,0.501,0.448,0.555,0.054,0.429,0.38,0.473,0.047,0.46,0.395,0.523,0.066,0.379,0.316,0.429,0.057
15,Colombia,COL,2011,2.0,0.661,0.605,0.725,0.061,0.542,0.49,0.602,0.055,0.451,0.405,0.501,0.049,0.521,0.461,0.599,0.069,0.394,0.334,0.455,0.061
15,Colombia,COL,2012,2.0,0.664,0.61,0.731,0.061,0.544,0.489,0.601,0.056,0.45,0.399,0.493,0.048,0.527,0.456,0.586,0.066,0.397,0.334,0.46,0.063
15,Colombia,COL,2013,2.0,0.669,0.606,0.727,0.062,0.542,0.493,0.602,0.056,0.451,0.41,0.506,0.049,0.543,0.473,0.61,0.069,0.402,0.337,0.457,0.062
15,Colombia,COL,2014,2.0,0.682,0.619,0.739,0.062,0.553,0.5,0.613,0.057,0.459,0.407,0.502,0.048,0.565,0.499,0.629,0.066,0.412,0.345,0.467,0.061
15,Colombia,COL,2015,2.0,0.687,0.629,0.755,0.063,0.557,0.494,0.607,0.058,0.463,0.411,0.509,0.05,0.572,0.507,0.635,0.066,0.418,0.36,0.481,0.061
15,Colombia,COL,2016,2.0,0.688,0.624,0.754,0.064,0.557,0.497,0.613,0.057,0.493,0.445,0.553,0.052,0.569,0.502,0.636,0.068,0.422,0.356,0.487,0.066
15,Colombia,COL,2017,2.0,0.685,0.628,0.749,0.062,0.554,0.499,0.608,0.057,0.488,0.438,0.536,0.05,0.564,0.5,0.638,0.068,0.424,0.364,0.484,0.063
15,Colombia,COL,2018,2.0,0.67,0.606,0.724,0.059,0.538,0.479,0.587,0.055,0.476,0.43,0.524,0.048,0.479,0.415,0.555,0.071,0.393,0.332,0.453,0.06
15,Colombia,COL,2019,2.0,0.659,0.599,0.721,0.062,0.515,0.464,0.574,0.057,0.462,0.411,0.507,0.049,0.432,0.367,0.508,0.073,0.38,0.322,0.439,0.06
15,Colombia,COL,2020,2.0,0.645,0.589,0.704,0.058,0.497,0.443,0.546,0.053,0.446,0.397,0.489,0.048,0.393,0.324,0.467,0.072,0.348,0.293,0.406,0.056
15,Colombia,COL,2021,2.0,0.658,0.596,0.714,0.058,0.502,0.449,0.559,0.054,0.456,0.405,0.501,0.047,0.421,0.352,0.498,0.074,0.374,0.313,0.432,0.059
15,Colombia,COL,2022,2.0,0.696,0.642,0.757,0.057,0.559,0.5,0.607,0.054,0.49,0.444,0.54,0.049,0.518,0.443,0.592,0.074,0.426,0.358,0.477,0.06
15,Colombia,COL,2023,2.0,0.709,0.647,0.765,0.058,0.571,0.517,0.627,0.055,0.492,0.444,0.544,0.05,0.512,0.437,0.589,0.075,0.44,0.373,0.5,0.064
15,Colombia,COL,2024,2.0,0.701,0.642,0.76,0.057,0.557,0.499,0.613,0.056,0.477,0.424,0.524,0.049,0.484,0.405,0.562,0.079,0.423,0.363,0.491,0.064
19,Brazil,BRA,2000,2.0,0.857,0.818,0.905,0.045,0.717,0.67,0.776,0.053,0.594,0.558,0.642,0.043,0.727,0.669,0.798,0.067,0.583,0.519,0.652,0.066
19,Brazil,BRA,2001,2.0,0.857,0.818,0.905,0.045,0.717,0.67,0.776,0.053,0.594,0.558,0.642,0.043,0.727,0.669,0.798,0.067,0.583,0.519,0.652,0.066
19,Brazil,BRA,2002,2.0,0.858,0.82,0.904,0.045,0.72,0.673,0.777,0.053,0.596,0.555,0.638,0.043,0.786,0.734,0.839,0.056,0.599,0.545,0.67,0.064
19,Brazil,BRA,2003,2.0,0.856,0.82,0.903,0.044,0.724,0.674,0.779,0.053,0.608,0.577,0.65,0.038,0.782,0.732,0.835,0.053,0.609,0.551,0.676,0.065
19,Brazil,BRA,2004,2.0,0.856,0.82,0.903,0.044,0.724,0.674,0.779,0.053,0.608,0.577,0.65,0.038,0.782,0.732,0.835,0.053,0.611,0.551,0.675,0.063
19,Brazil,BRA,2005,2.0,0.873,0.841,0.915,0.04,0.78,0.744,0.83,0.046,0.658,0.629,0.701,0.038,0.812,0.77,0.863,0.049,0.619,0.556,0.679,0.063
19,Brazil,BRA,2006,2.0,0.874,0.842,0.915,0.04,0.778,0.738,0.829,0.047,0.658,0.629,0.701,0.038,0.812,0.77,0.862,0.049,0.62,0.558,0.68,0.063
19,Brazil,BRA,2007,2.0,0.869,0.837,0.911,0.04,0.773,0.735,0.826,0.047,0.654,0.619,0.692,0.038,0.807,0.762,0.855,0.049,0.618,0.554,0.678,0.063
19,Brazil,BRA,2008,2.0,0.869,0.837,0.911,0.04,0.773,0.735,0.826,0.047,0.652,0.62,0.691,0.038,0.807,0.762,0.855,0.049,0.618,0.554,0.678,0.063
19,Brazil,BRA,2009,2.0,0.869,0.837,0.911,0.04,0.773,0.735,0.826,0.047,0.652,0.62,0.691,0.038,0.807,0.762,0.855,0.049,0.62,0.564,0.69,0.063
19,Brazil,BRA,2010,2.0,0.872,0.841,0.914,0.04,0.778,0.736,0.826,0.047,0.649,0.618,0.691,0.038,0.81,0.766,0.863,0.05,0.626,0.574,0.695,0.062
19,Brazil,BRA,2011,2.0,0.876,0.848,0.921,0.039,0.786,0.749,0.839,0.047,0.648,0.619,0.69,0.038,0.813,0.769,0.864,0.049,0.632,0.571,0.692,0.061
19,Brazil,BRA,2012,2.0,0.872,0.844,0.916,0.04,0.782,0.743,0.83,0.046,0.637,0.607,0.679,0.039,0.807,0.764,0.858,0.049,0.631,0.581,0.698,0.061
19,Brazil,BRA,2013,2.0,0.876,0.844,0.916,0.037,0.786,0.744,0.83,0.043,0.636,0.603,0.674,0.037,0.815,0.78,0.87,0.046,0.622,0.562,0.684,0.061
19,Brazil,BRA,2014,2.0,0.877,0.847,0.919,0.038,0.784,0.743,0.829,0.044,0.633,0.6,0.672,0.038,0.814,0.769,0.862,0.049,0.621,0.557,0.678,0.061
19,Brazil,BRA,2015,2.0,0.863,0.83,0.908,0.042,0.772,0.728,0.82,0.047,0.616,0.583,0.66,0.039,0.795,0.75,0.85,0.051,0.609,0.559,0.683,0.063
19,Brazil,BRA,2016,2.0,0.782,0.742,0.839,0.05,0.662,0.614,0.72,0.053,0.524,0.479,0.569,0.045,0.588,0.518,0.666,0.074,0.494,0.431,0.554,0.061
19,Brazil,BRA,2017,2.0,0.778,0.74,0.839,0.05,0.647,0.597,0.703,0.054,0.505,0.464,0.553,0.045,0.588,0.518,0.666,0.076,0.478,0.41,0.536,0.063
19,Brazil,BRA,2018,2.0,0.753,0.698,0.802,0.053,0.617,0.56,0.667,0.055,0.487,0.438,0.532,0.047,0.541,0.462,0.615,0.076,0.456,0.384,0.515,0.066
19,Brazil,BRA,2019,2.0,0.698,0.646,0.76,0.056,0.543,0.486,0.596,0.054,0.442,0.4,0.491,0.047,0.491,0.419,0.559,0.071,0.398,0.338,0.455,0.061
19,Brazil,BRA,2020,2.0,0.699,0.644,0.751,0.055,0.54,0.481,0.586,0.053,0.448,0.408,0.499,0.046,0.496,0.424,0.575,0.074,0.4,0.34,0.456,0.059
19,Brazil,BRA,2021,2.0,0.688,0.636,0.748,0.057,0.532,0.47,0.579,0.055,0.437,0.398,0.487,0.045,0.511,0.446,0.584,0.07,0.396,0.345,0.47,0.062
19,Brazil,BRA,2022,2.0,0.699,0.646,0.752,0.053,0.545,0.492,0.594,0.052,0.449,0.405,0.495,0.046,0.526,0.455,0.6,0.073,0.406,0.345,0.468,0.062
19,Brazil,BRA,2023,2.0,0.789,0.739,0.843,0.054,0.698,0.651,0.757,0.055,0.547,0.497,0.586,0.045,0.721,0.669,0.783,0.059,0.529,0.458,0.591,0.067
19,Brazil,BRA,2024,2.0,0.801,0.751,0.854,0.052,0.712,0.671,0.777,0.052,0.548,0.502,0.592,0.045,0.738,0.679,0.795,0.058,0.545,0.476,0.608,0.066
22,El Salvador,SLV,2000,2.0,0.531,0.474,0.594,0.059,0.317,0.265,0.356,0.047,0.327,0.285,0.365,0.041,0.333,0.277,0.398,0.06,0.237,0.19,0.279,0.046
22,El Salvador,SLV,2001,2.0,0.54,0.476,0.597,0.06,0.328,0.285,0.378,0.047,0.333,0.288,0.37,0.041,0.338,0.279,0.402,0.061,0.242,0.192,0.283,0.047
22,El Salvador,SLV,2002,2.0,0.547,0.486,0.611,0.062,0.333,0.28,0.378,0.049,0.335,0.298,0.38,0.043,0.351,0.284,0.404,0.061,0.246,0.195,0.288,0.048
22,El Salvador,SLV,2003,2.0,0.544,0.48,0.601,0.06,0.337,0.285,0.38,0.047,0.335,0.29,0.373,0.042,0.348,0.285,0.403,0.061,0.244,0.193,0.285,0.047
22,El Salvador,SLV,2004,2.0,0.543,0.482,0.605,0.061,0.335,0.287,0.378,0.047,0.332,0.29,0.373,0.042,0.348,0.282,0.4,0.061,0.244,0.193,0.287,0.048
22,El Salvador,SLV,2005,2.0,0.541,0.475,0.595,0.061,0.336,0.28,0.377,0.048,0.332,0.291,0.372,0.042,0.347,0.283,0.403,0.061,0.244,0.195,0.288,0.048
22,El Salvador,SLV,2006,2.0,0.561,0.498,0.619,0.061,0.348,0.294,0.391,0.05,0.343,0.304,0.387,0.042,0.358,0.29,0.414,0.063,0.253,0.204,0.299,0.048
22,El Salvador,SLV,2007,2.0,0.566,0.504,0.626,0.061,0.35,0.297,0.394,0.05,0.345,0.307,0.391,0.042,0.36,0.292,0.417,0.064,0.256,0.207,0.302,0.048
22,El Salvador,SLV,2008,2.0,0.566,0.504,0.628,0.061,0.355,0.3,0.399,0.049,0.346,0.299,0.384,0.042,0.359,0.293,0.418,0.063,0.254,0.207,0.302,0.049
22,El Salvador,SLV,2009,2.0,0.597,0.533,0.656,0.063,0.399,0.344,0.45,0.054,0.369,0.316,0.408,0.046,0.447,0.389,0.513,0.064,0.277,0.229,0.333,0.052
22,El Salvador,SLV,2010,2.0,0.619,0.551,0.682,0.065,0.427,0.371,0.482,0.056,0.387,0.34,0.43,0.046,0.463,0.391,0.527,0.068,0.292,0.235,0.343,0.054
22,El Salvador,SLV,2011,2.0,0.619,0.551,0.682,0.065,0.427,0.359,0.472,0.056,0.389,0.344,0.437,0.047,0.454,0.381,0.522,0.07,0.292,0.233,0.34,0.054
22,El Salvador,SLV,2012,2.0,0.624,0.564,0.693,0.065,0.438,0.382,0.492,0.057,0.39,0.34,0.432,0.047,0.457,0.397,0.532,0.068,0.295,0.237,0.342,0.053
22,El Salvador,SLV,2013,2.0,0.622,0.561,0.686,0.064,0.439,0.384,0.493,0.056,0.391,0.345,0.438,0.047,0.426,0.358,0.491,0.068,0.302,0.243,0.349,0.054
22,El Salvador,SLV,2014,2.0,0.666,0.602,0.73,0.064,0.47,0.414,0.529,0.059,0.412,0.365,0.461,0.049,0.464,0.397,0.536,0.071,0.324,0.269,0.376,0.055
22,El Salvador,SLV,2015,2.0,0.661,0.602,0.727,0.062,0.465,0.405,0.517,0.057,0.409,0.363,0.459,0.048,0.467,0.393,0.534,0.071,0.322,0.266,0.374,0.054
22,El Salvador,SLV,2016,2.0,0.666,0.599,0.722,0.061,0.469,0.406,0.52,0.057,0.413,0.364,0.46,0.048,0.452,0.388,0.523,0.069,0.324,0.263,0.373,0.055
22,El Salvador,SLV,2017,2.0,0.671,0.598,0.729,0.066,0.469,0.403,0.522,0.059,0.418,0.364,0.466,0.05,0.447,0.363,0.515,0.076,0.327,0.272,0.382,0.057
22,El Salvador,SLV,2018,2.0,0.635,0.57,0.699,0.065,0.432,0.37,0.483,0.057,0.4,0.351,0.447,0.048,0.414,0.342,0.484,0.07,0.297,0.233,0.339,0.054
22,El Salvador,SLV,2019,2.0,0.594,0.534,0.659,0.063,0.393,0.344,0.449,0.053,0.351,0.301,0.397,0.048,0.3,0.236,0.365,0.066,0.287,0.235,0.335,0.051
22,El Salvador,SLV,2020,2.0,0.522,0.457,0.573,0.059,0.314,0.27,0.359,0.048,0.303,0.26,0.342,0.041,0.233,0.17,0.279,0.056,0.25,0.198,0.287,0.045
22,El Salvador,SLV,2021,1.0,0.409,0.359,0.456,0.049,0.163,0.129,0.186,0.029,0.24,0.203,0.268,0.033,0.154,0.113,0.194,0.042,0.2,0.165,0.237,0.037
22,El Salvador,SLV,2022,1.0,0.381,0.333,0.428,0.047,0.118,0.096,0.139,0.023,0.224,0.194,0.254,0.03,0.143,0.096,0.172,0.04,0.163,0.126,0.193,0.033
22,El Salvador,SLV,2023,1.0,0.38,0.337,0.429,0.047,0.109,0.087,0.127,0.021,0.221,0.186,0.247,0.03,0.143,0.104,0.178,0.039,0.168,0.138,0.202,0.033
22,El Salvador,SLV,2024,1.0,0.339,0.292,0.373,0.042,0.092,0.073,0.107,0.017,0.2,0.17,0.223,0.028,0.135,0.095,0.166,0.036,0.134,0.103,0.161,0.03
25,Bolivia,BOL,2000,2.0,0.744,0.696,0.804,0.056,0.529,0.479,0.599,0.059,0.453,0.403,0.503,0.05,0.587,0.523,0.671,0.074,0.495,0.426,0.564,0.068
25,Bolivia,BOL,2001,2.0,0.744,0.69,0.799,0.055,0.528,0.475,0.594,0.059,0.452,0.401,0.499,0.049,0.584,0.518,0.665,0.073,0.498,0.438,0.57,0.067
25,Bolivia,BOL,2002,2.0,0.727,0.678,0.791,0.057,0.513,0.453,0.568,0.058,0.444,0.396,0.49,0.048,0.591,0.529,0.668,0.069,0.466,0.401,0.531,0.066
25,Bolivia,BOL,2003,2.0,0.722,0.664,0.785,0.059,0.521,0.465,0.583,0.059,0.445,0.393,0.494,0.05,0.603,0.536,0.672,0.069,0.465,0.398,0.531,0.066
25,Bolivia,BOL,2004,2.0,0.753,0.698,0.81,0.058,0.543,0.485,0.604,0.061,0.519,0.468,0.572,0.051,0.661,0.593,0.72,0.065,0.49,0.421,0.555,0.069
25,Bolivia,BOL,2005,2.0,0.748,0.702,0.812,0.057,0.534,0.474,0.59,0.059,0.527,0.473,0.571,0.049,0.631,0.577,0.709,0.067,0.466,0.408,0.536,0.064
25,Bolivia,BOL,2006,2.0,0.721,0.666,0.778,0.057,0.464,0.404,0.517,0.056,0.56,0.513,0.611,0.049,0.561,0.491,0.632,0.072,0.486,0.431,0.549,0.059
25,Bolivia,BOL,2007,2.0,0.719,0.665,0.774,0.056,0.462,0.412,0.525,0.056,0.561,0.515,0.607,0.047,0.557,0.493,0.63,0.07,0.483,0.429,0.539,0.058
25,Bolivia,BOL,2008,2.0,0.716,0.662,0.776,0.057,0.456,0.394,0.502,0.055,0.559,0.511,0.609,0.048,0.562,0.504,0.636,0.067,0.48,0.421,0.535,0.059
25,Bolivia,BOL,2009,2.0,0.712,0.66,0.77,0.057,0.437,0.381,0.49,0.055,0.577,0.536,0.632,0.05,0.552,0.484,0.62,0.069,0.49,0.434,0.546,0.058
25,Bolivia,BOL,2010,2.0,0.685,0.614,0.735,0.061,0.402,0.339,0.446,0.054,0.557,0.501,0.605,0.053,0.519,0.449,0.583,0.069,0.47,0.407,0.525,0.06
25,Bolivia,BOL,2011,2.0,0.681,0.625,0.744,0.059,0.4,0.344,0.45,0.053,0.551,0.504,0.606,0.051,0.517,0.445,0.582,0.069,0.468,0.414,0.532,0.059
25,Bolivia,BOL,2012,2.0,0.674,0.609,0.729,0.061,0.398,0.347,0.455,0.054,0.539,0.488,0.586,0.051,0.519,0.458,0.586,0.065,0.462,0.403,0.521,0.061
25,Bolivia,BOL,2013,2.0,0.661,0.6,0.725,0.062,0.4,0.343,0.45,0.054,0.52,0.469,0.569,0.05,0.506,0.443,0.579,0.069,0.452,0.395,0.511,0.059
25,Bolivia,BOL,2014,2.0,0.646,0.588,0.704,0.06,0.389,0.34,0.442,0.051,0.502,0.454,0.549,0.048,0.491,0.436,0.563,0.065,0.443,0.386,0.5,0.056
25,Bolivia,BOL,2015,2.0,0.617,0.561,0.686,0.063,0.372,0.317,0.421,0.052,0.467,0.41,0.51,0.05,0.459,0.381,0.522,0.071,0.42,0.367,0.477,0.057
25,Bolivia,BOL,2016,2.0,0.619,0.549,0.671,0.061,0.372,0.322,0.423,0.051,0.459,0.406,0.501,0.048,0.444,0.378,0.513,0.069,0.416,0.358,0.471,0.056
25,Bolivia,BOL,2017,2.0,0.615,0.55,0.672,0.062,0.366,0.315,0.415,0.05,0.457,0.41,0.506,0.048,0.426,0.349,0.487,0.07,0.417,0.363,0.47,0.055
25,Bolivia,BOL,2018,2.0,0.598,0.536,0.659,0.062,0.345,0.297,0.393,0.048,0.442,0.394,0.486,0.046,0.419,0.353,0.489,0.068,0.404,0.338,0.45,0.055
25,Bolivia,BOL,2019,1.0,0.481,0.423,0.531,0.054,0.254,0.209,0.289,0.04,0.353,0.317,0.393,0.039,0.323,0.258,0.374,0.058,0.307,0.255,0.35,0.047
25,Bolivia,BOL,2020,1.0,0.331,0.305,0.358,0.027,0.23,0.205,0.256,0.027,0.263,0.242,0.286,0.023,0.211,0.168,0.257,0.045,0.223,0.191,0.252,0.031
25,Bolivia,BOL,2021,2.0,0.614,0.554,0.68,0.063,0.366,0.318,0.42,0.051,0.435,0.384,0.478,0.047,0.419,0.351,0.495,0.073,0.401,0.344,0.455,0.056
25,Bolivia,BOL,2022,2.0,0.589,0.524,0.652,0.063,0.343,0.293,0.391,0.05,0.414,0.367,0.46,0.047,0.366,0.292,0.438,0.072,0.394,0.337,0.447,0.056
25,Bolivia,BOL,2023,2.0,0.584,0.512,0.64,0.064,0.345,0.288,0.392,0.051,0.4,0.359,0.453,0.047,0.351,0.272,0.413,0.069,0.387,0.333,0.441,0.056
25,Bolivia,BOL,2024,2.0,0.576,0.513,0.639,0.063,0.314,0.268,0.36,0.047,0.39,0.336,0.426,0.046,0.323,0.246,0.388,0.07,0.373,0.319,0.429,0.055
26,Haiti,HTI,2000,1.0,0.432,0.384,0.49,0.054,0.268,0.222,0.303,0.041,0.247,0.208,0.277,0.036,0.294,0.238,0.347,0.055,0.146,0.113,0.177,0.033
26,Haiti,HTI,2001,1.0,0.411,0.361,0.46,0.051,0.258,0.219,0.294,0.039,0.237,0.201,0.267,0.034,0.284,0.232,0.339,0.053,0.139,0.109,0.17,0.032
26,Haiti,HTI,2002,1.0,0.409,0.357,0.457,0.051,0.254,0.212,0.289,0.039,0.236,0.201,0.265,0.034,0.283,0.232,0.335,0.052,0.138,0.103,0.163,0.031
26,Haiti,HTI,2003,1.0,0.406,0.348,0.448,0.051,0.248,0.212,0.288,0.038,0.237,0.202,0.269,0.033,0.28,0.232,0.333,0.052,0.136,0.104,0.165,0.031
26,Haiti,HTI,2004,1.0,0.243,0.221,0.261,0.02,0.1,0.084,0.117,0.017,0.164,0.144,0.186,0.021,0.208,0.169,0.246,0.038,0.08,0.056,0.098,0.021
26,Haiti,HTI,2005,0.0,0.237,0.22,0.253,0.016,0.086,0.072,0.1,0.014,0.155,0.135,0.172,0.019,0.205,0.173,0.249,0.037,0.075,0.055,0.095,0.02
26,Haiti,HTI,2006,1.0,0.368,0.327,0.405,0.04,0.196,0.164,0.222,0.031,0.214,0.185,0.241,0.029,0.264,0.218,0.315,0.048,0.113,0.086,0.138,0.027
26,Haiti,HTI,2007,1.0,0.446,0.39,0.491,0.053,0.285,0.245,0.318,0.038,0.25,0.21,0.278,0.035,0.302,0.24,0.355,0.056,0.135,0.1,0.161,0.032
26,Haiti,HTI,2008,1.0,0.447,0.389,0.492,0.054,0.283,0.245,0.316,0.038,0.251,0.209,0.278,0.036,0.302,0.244,0.36,0.056,0.136,0.101,0.161,0.032
26,Haiti,HTI,2009,1.0,0.441,0.386,0.49,0.053,0.278,0.24,0.313,0.038,0.246,0.211,0.281,0.035,0.299,0.252,0.365,0.055,0.133,0.096,0.159,0.032
26,Haiti,HTI,2010,1.0,0.434,0.375,0.476,0.053,0.257,0.218,0.286,0.035,0.25,0.212,0.277,0.034,0.296,0.244,0.357,0.056,0.131,0.098,0.159,0.031
26,Haiti,HTI,2011,1.0,0.418,0.361,0.457,0.049,0.249,0.218,0.281,0.033,0.241,0.208,0.273,0.033,0.288,0.233,0.338,0.053,0.126,0.094,0.152,0.03
26,Haiti,HTI,2012,1.0,0.427,0.373,0.473,0.051,0.254,0.216,0.284,0.035,0.246,0.213,0.277,0.033,0.293,0.236,0.344,0.055,0.129,0.095,0.154,0.031
26,Haiti,HTI,2013,1.0,0.424,0.365,0.463,0.051,0.246,0.213,0.277,0.034,0.244,0.211,0.275,0.033,0.266,0.22,0.327,0.054,0.127,0.098,0.156,0.03
26,Haiti,HTI,2014,1.0,0.424,0.365,0.463,0.051,0.246,0.213,0.277,0.034,0.244,0.211,0.275,0.033,0.266,0.22,0.327,0.054,0.127,0.098,0.156,0.03
26,Haiti,HTI,2015,1.0,0.403,0.355,0.443,0.046,0.226,0.195,0.257,0.032,0.235,0.206,0.264,0.03,0.258,0.201,0.302,0.051,0.12,0.091,0.144,0.028
26,Haiti,HTI,2016,1.0,0.394,0.352,0.435,0.043,0.237,0.206,0.264,0.03,0.231,0.197,0.255,0.029,0.254,0.209,0.309,0.05,0.118,0.091,0.143,0.028
26,Haiti,HTI,2017,1.0,0.404,0.354,0.443,0.046,0.235,0.202,0.265,0.032,0.234,0.205,0.266,0.03,0.257,0.208,0.312,0.052,0.12,0.091,0.146,0.028
26,Haiti,HTI,2018,1.0,0.411,0.358,0.45,0.048,0.24,0.204,0.268,0.033,0.24,0.208,0.27,0.032,0.263,0.214,0.316,0.051,0.117,0.088,0.14,0.028
26,Haiti,HTI,2019,1.0,0.403,0.36,0.454,0.047,0.231,0.202,0.263,0.032,0.217,0.182,0.243,0.031,0.244,0.19,0.292,0.051,0.114,0.083,0.133,0.027
26,Haiti,HTI,2020,1.0,0.371,0.326,0.411,0.045,0.216,0.19,0.248,0.03,0.146,0.122,0.172,0.025,0.253,0.208,0.308,0.049,0.108,0.081,0.135,0.027
26,Haiti,HTI,2021,1.0,0.302,0.268,0.329,0.032,0.189,0.161,0.21,0.025,0.175,0.15,0.195,0.024,0.237,0.186,0.278,0.045,0.085,0.062,0.103,0.021
26,Haiti,HTI,2022,0.0,0.213,0.195,0.232,0.019,0.143,0.124,0.163,0.019,0.097,0.078,0.113,0.018,0.203,0.167,0.243,0.038,0.063,0.046,0.081,0.018
26,Haiti,HTI,2023,0.0,0.211,0.195,0.233,0.019,0.068,0.052,0.078,0.013,0.097,0.078,0.113,0.018,0.194,0.149,0.227,0.038,0.059,0.039,0.071,0.017
26,Haiti,HTI,2024,0.0,0.218,0.201,0.239,0.019,0.079,0.063,0.093,0.016,0.099,0.08,0.115,0.018,0.196,0.152,0.231,0.039,0.06,0.041,0.074,0.017
27,Honduras,HND,2000,2.0,0.554,0.486,0.621,0.067,0.324,0.268,0.367,0.048,0.337,0.292,0.382,0.045,0.418,0.349,0.484,0.068,0.233,0.174,0.271,0.049
27,Honduras,HND,2001,2.0,0.554,0.486,0.62,0.067,0.326,0.266,0.363,0.049,0.337,0.292,0.382,0.045,0.419,0.349,0.484,0.068,0.233,0.174,0.271,0.049
27,Honduras,HND,2002,2.0,0.557,0.478,0.611,0.067,0.327,0.28,0.379,0.05,0.338,0.288,0.378,0.046,0.407,0.339,0.473,0.067,0.238,0.193,0.29,0.049
27,Honduras,HND,2003,2.0,0.567,0.516,0.651,0.065,0.334,0.279,0.375,0.049,0.345,0.302,0.392,0.045,0.413,0.338,0.471,0.066,0.238,0.191,0.288,0.049
27,Honduras,HND,2004,2.0,0.567,0.516,0.651,0.065,0.334,0.279,0.375,0.049,0.345,0.302,0.392,0.045,0.413,0.338,0.471,0.066,0.238,0.191,0.288,0.049
27,Honduras,HND,2005,2.0,0.562,0.509,0.643,0.065,0.33,0.28,0.375,0.048,0.341,0.299,0.388,0.045,0.409,0.336,0.468,0.066,0.237,0.189,0.284,0.048
27,Honduras,HND,2006,2.0,0.521,0.458,0.582,0.062,0.316,0.27,0.359,0.045,0.317,0.275,0.356,0.041,0.42,0.355,0.47,0.059,0.227,0.178,0.267,0.046
27,Honduras,HND,2007,2.0,0.524,0.458,0.583,0.062,0.315,0.27,0.357,0.044,0.319,0.276,0.357,0.041,0.415,0.351,0.466,0.059,0.227,0.183,0.275,0.045
27,Honduras,HND,2008,2.0,0.52,0.451,0.579,0.063,0.319,0.276,0.365,0.045,0.317,0.27,0.35,0.041,0.405,0.343,0.461,0.062,0.228,0.175,0.265,0.046
27,Honduras,HND,2009,1.0,0.441,0.387,0.492,0.053,0.278,0.237,0.313,0.039,0.281,0.246,0.312,0.034,0.262,0.206,0.314,0.056,0.173,0.135,0.206,0.036
27,Honduras,HND,2010,1.0,0.402,0.352,0.441,0.048,0.235,0.199,0.264,0.034,0.26,0.223,0.282,0.031,0.318,0.279,0.37,0.047,0.158,0.115,0.183,0.034
27,Honduras,HND,2011,1.0,0.415,0.359,0.456,0.05,0.245,0.214,0.28,0.035,0.266,0.236,0.295,0.031,0.308,0.263,0.364,0.05,0.165,0.127,0.199,0.037
27,Honduras,HND,2012,1.0,0.416,0.37,0.459,0.047,0.239,0.211,0.273,0.033,0.271,0.236,0.295,0.03,0.304,0.253,0.348,0.049,0.163,0.123,0.193,0.036
27,Honduras,HND,2013,1.0,0.411,0.36,0.454,0.049,0.253,0.213,0.281,0.036,0.271,0.241,0.299,0.03,0.291,0.249,0.346,0.05,0.163,0.128,0.199,0.036
27,Honduras,HND,2014,1.0,0.428,0.376,0.473,0.051,0.267,0.234,0.304,0.036,0.277,0.246,0.307,0.032,0.281,0.235,0.335,0.052,0.166,0.127,0.201,0.037
27,Honduras,HND,2015,1.0,0.422,0.369,0.466,0.05,0.242,0.205,0.275,0.036,0.274,0.243,0.303,0.033,0.279,0.229,0.328,0.051,0.167,0.131,0.205,0.038
27,Honduras,HND,2016,1.0,0.423,0.371,0.463,0.049,0.252,0.217,0.287,0.036,0.276,0.25,0.309,0.031,0.278,0.23,0.329,0.051,0.165,0.119,0.193,0.037
27,Honduras,HND,2017,1.0,0.412,0.363,0.453,0.047,0.241,0.202,0.269,0.035,0.268,0.236,0.294,0.03,0.27,0.215,0.317,0.051,0.162,0.122,0.192,0.036
27,Honduras,HND,2018,1.0,0.362,0.319,0.387,0.037,0.232,0.204,0.263,0.03,0.246,0.218,0.265,0.025,0.254,0.21,0.298,0.044,0.148,0.106,0.171,0.032
27,Honduras,HND,2019,1.0,0.368,0.323,0.398,0.041,0.231,0.196,0.258,0.032,0.249,0.226,0.276,0.027,0.261,0.216,0.31,0.048,0.145,0.113,0.175,0.032
27,Honduras,HND,2020,1.0,0.372,0.333,0.408,0.039,0.232,0.2,0.263,0.033,0.249,0.225,0.274,0.026,0.252,0.2,0.299,0.049,0.145,0.11,0.174,0.033
27,Honduras,HND,2021,1.0,0.39,0.348,0.424,0.041,0.243,0.207,0.271,0.033,0.261,0.235,0.286,0.027,0.266,0.219,0.322,0.05,0.152,0.121,0.187,0.033
27,Honduras,HND,2022,2.0,0.534,0.472,0.607,0.067,0.381,0.327,0.427,0.051,0.346,0.3,0.387,0.045,0.359,0.292,0.426,0.069,0.264,0.214,0.318,0.052
27,Honduras,HND,2023,2.0,0.538,0.461,0.593,0.068,0.392,0.337,0.437,0.054,0.331,0.284,0.375,0.047,0.385,0.314,0.445,0.068,0.266,0.218,0.325,0.054
27,Honduras,HND,2024,2.0,0.541,0.467,0.597,0.064,0.382,0.326,0.428,0.051,0.327,0.28,0.372,0.047,0.394,0.324,0.463,0.069,0.272,0.225,0.333,0.055
30,Peru,PER,2000,1.0,0.418,0.364,0.467,0.054,0.189,0.156,0.22,0.033,0.261,0.223,0.291,0.036,0.329,0.275,0.381,0.055,0.25,0.206,0.289,0.042
30,Peru,PER,2001,2.0,0.728,0.673,0.788,0.058,0.568,0.51,0.625,0.059,0.479,0.435,0.534,0.05,0.667,0.605,0.722,0.06,0.429,0.368,0.489,0.06
30,Peru,PER,2002,2.0,0.797,0.747,0.855,0.056,0.649,0.597,0.715,0.059,0.542,0.493,0.594,0.051,0.728,0.665,0.784,0.061,0.471,0.41,0.536,0.063
30,Peru,PER,2003,2.0,0.797,0.747,0.855,0.056,0.654,0.6,0.718,0.059,0.545,0.504,0.603,0.051,0.728,0.665,0.784,0.061,0.476,0.412,0.539,0.064
30,Peru,PER,2004,2.0,0.795,0.748,0.856,0.055,0.653,0.596,0.715,0.059,0.543,0.486,0.589,0.051,0.677,0.617,0.751,0.068,0.476,0.413,0.54,0.064
30,Peru,PER,2005,2.0,0.795,0.748,0.856,0.055,0.66,0.601,0.714,0.057,0.542,0.485,0.587,0.051,0.677,0.617,0.751,0.068,0.478,0.411,0.538,0.065
30,Peru,PER,2006,2.0,0.793,0.741,0.849,0.054,0.653,0.594,0.71,0.058,0.527,0.478,0.578,0.05,0.667,0.607,0.741,0.068,0.474,0.413,0.544,0.065
30,Peru,PER,2007,2.0,0.801,0.758,0.856,0.051,0.65,0.6,0.711,0.056,0.53,0.477,0.577,0.05,0.649,0.577,0.716,0.07,0.487,0.43,0.554,0.064
30,Peru,PER,2008,2.0,0.805,0.762,0.859,0.051,0.652,0.597,0.706,0.055,0.53,0.487,0.586,0.05,0.65,0.573,0.712,0.07,0.492,0.43,0.553,0.064
30,Peru,PER,2009,2.0,0.799,0.751,0.85,0.051,0.647,0.594,0.703,0.055,0.525,0.475,0.577,0.05,0.644,0.565,0.703,0.07,0.488,0.433,0.557,0.063
30,Peru,PER,2010,2.0,0.806,0.756,0.856,0.051,0.654,0.597,0.704,0.054,0.571,0.525,0.626,0.051,0.649,0.589,0.729,0.07,0.492,0.432,0.556,0.062
30,Peru,PER,2011,2.0,0.811,0.77,0.865,0.049,0.666,0.614,0.721,0.053,0.593,0.55,0.645,0.048,0.663,0.6,0.736,0.071,0.501,0.439,0.561,0.062
30,Peru,PER,2012,2.0,0.823,0.783,0.875,0.047,0.694,0.651,0.76,0.054,0.601,0.557,0.649,0.047,0.668,0.604,0.744,0.071,0.51,0.445,0.568,0.062
30,Peru,PER,2013,2.0,0.82,0.784,0.875,0.047,0.684,0.633,0.735,0.052,0.584,0.537,0.634,0.049,0.653,0.58,0.72,0.07,0.505,0.452,0.573,0.062
30,Peru,PER,2014,2.0,0.82,0.779,0.867,0.047,0.686,0.641,0.742,0.051,0.584,0.54,0.639,0.049,0.654,0.589,0.731,0.071,0.509,0.438,0.567,0.064
30,Peru,PER,2015,2.0,0.816,0.772,0.872,0.05,0.688,0.639,0.752,0.056,0.576,0.526,0.629,0.051,0.625,0.554,0.703,0.075,0.505,0.438,0.569,0.066
30,Peru,PER,2016,2.0,0.781,0.731,0.834,0.052,0.665,0.605,0.716,0.055,0.551,0.504,0.605,0.051,0.608,0.537,0.681,0.074,0.498,0.427,0.557,0.065
30,Peru,PER,2017,2.0,0.788,0.742,0.848,0.053,0.677,0.622,0.731,0.055,0.547,0.492,0.594,0.051,0.622,0.562,0.707,0.073,0.505,0.438,0.563,0.064
30,Peru,PER,2018,2.0,0.807,0.755,0.859,0.052,0.699,0.649,0.76,0.055,0.603,0.562,0.663,0.051,0.62,0.541,0.69,0.077,0.521,0.453,0.582,0.065
30,Peru,PER,2019,2.0,0.802,0.752,0.857,0.053,0.696,0.637,0.75,0.056,0.58,0.531,0.638,0.053,0.598,0.515,0.668,0.078,0.516,0.45,0.578,0.065
30,Peru,PER,2020,2.0,0.819,0.776,0.872,0.049,0.709,0.659,0.763,0.053,0.599,0.556,0.653,0.05,0.614,0.551,0.704,0.077,0.523,0.452,0.584,0.066
30,Peru,PER,2021,2.0,0.77,0.721,0.827,0.053,0.661,0.61,0.716,0.053,0.542,0.492,0.597,0.052,0.578,0.503,0.657,0.077,0.483,0.416,0.543,0.064
30,Peru,PER,2022,2.0,0.745,0.695,0.807,0.056,0.634,0.581,0.69,0.056,0.514,0.459,0.563,0.052,0.445,0.35,0.518,0.083,0.445,0.376,0.503,0.062
30,Peru,PER,2023,2.0,0.712,0.656,0.771,0.058,0.585,0.528,0.641,0.057,0.48,0.429,0.534,0.053,0.414,0.34,0.498,0.077,0.419,0.354,0.474,0.059
30,Peru,PER,2024,2.0,0.634,0.577,0.705,0.063,0.493,0.441,0.555,0.057,0.416,0.36,0.458,0.05,0.32,0.244,0.386,0.073,0.369,0.31,0.424,0.057
37,Argentina,ARG,2000,2.0,0.836,0.787,0.888,0.053,0.676,0.613,0.735,0.063,0.579,0.537,0.627,0.046,0.781,0.723,0.839,0.06,0.662,0.603,0.728,0.063
37,Argentina,ARG,2001,2.0,0.835,0.793,0.892,0.053,0.682,0.623,0.74,0.06,0.578,0.537,0.627,0.046,0.783,0.733,0.849,0.06,0.662,0.605,0.731,0.063
37,Argentina,ARG,2002,2.0,0.825,0.777,0.879,0.054,0.666,0.616,0.735,0.06,0.57,0.527,0.62,0.047,0.767,0.712,0.827,0.06,0.653,0.585,0.717,0.064
37,Argentina,ARG,2003,2.0,0.81,0.765,0.867,0.053,0.645,0.591,0.709,0.06,0.56,0.519,0.609,0.046,0.63,0.562,0.713,0.078,0.639,0.573,0.696,0.062
37,Argentina,ARG,2004,2.0,0.804,0.765,0.866,0.053,0.641,0.587,0.702,0.058,0.552,0.514,0.6,0.045,0.599,0.521,0.675,0.077,0.637,0.572,0.692,0.061
37,Argentina,ARG,2005,2.0,0.801,0.761,0.863,0.053,0.632,0.574,0.691,0.058,0.549,0.508,0.598,0.046,0.597,0.519,0.672,0.078,0.635,0.572,0.692,0.061
37,Argentina,ARG,2006,2.0,0.789,0.74,0.846,0.054,0.621,0.561,0.679,0.059,0.539,0.499,0.591,0.046,0.593,0.514,0.669,0.077,0.625,0.555,0.681,0.062
37,Argentina,ARG,2007,2.0,0.784,0.731,0.838,0.055,0.617,0.555,0.671,0.058,0.536,0.494,0.585,0.046,0.589,0.511,0.661,0.076,0.625,0.56,0.683,0.062
37,Argentina,ARG,2008,2.0,0.765,0.712,0.821,0.057,0.593,0.539,0.656,0.058,0.524,0.47,0.562,0.048,0.555,0.486,0.633,0.073,0.609,0.552,0.676,0.062
37,Argentina,ARG,2009,2.0,0.764,0.712,0.822,0.055,0.594,0.535,0.651,0.058,0.52,0.474,0.568,0.046,0.557,0.489,0.639,0.077,0.606,0.554,0.677,0.06
37,Argentina,ARG,2010,2.0,0.761,0.71,0.818,0.055,0.591,0.533,0.648,0.058,0.512,0.46,0.554,0.047,0.549,0.477,0.624,0.074,0.604,0.546,0.668,0.061
37,Argentina,ARG,2011,2.0,0.762,0.712,0.819,0.055,0.588,0.527,0.641,0.057,0.511,0.465,0.558,0.047,0.551,0.479,0.626,0.075,0.606,0.547,0.668,0.061
37,Argentina,ARG,2012,2.0,0.766,0.72,0.829,0.057,0.589,0.528,0.642,0.058,0.515,0.475,0.57,0.048,0.555,0.488,0.641,0.076,0.609,0.55,0.672,0.061
37,Argentina,ARG,2013,2.0,0.774,0.728,0.835,0.056,0.594,0.543,0.659,0.058,0.521,0.474,0.567,0.047,0.561,0.49,0.64,0.076,0.615,0.559,0.682,0.062
37,Argentina,ARG,2014,2.0,0.786,0.735,0.841,0.056,0.604,0.55,0.666,0.058,0.53,0.497,0.591,0.048,0.572,0.496,0.647,0.076,0.625,0.568,0.689,0.062
37,Argentina,ARG,2015,2.0,0.776,0.727,0.834,0.055,0.601,0.547,0.66,0.058,0.523,0.479,0.572,0.047,0.565,0.491,0.645,0.076,0.613,0.552,0.675,0.061
37,Argentina,ARG,2016,2.0,0.753,0.701,0.812,0.056,0.616,0.553,0.667,0.058,0.503,0.453,0.544,0.046,0.597,0.529,0.667,0.07,0.598,0.546,0.663,0.059
37,Argentina,ARG,2017,2.0,0.754,0.701,0.811,0.055,0.612,0.554,0.669,0.057,0.504,0.456,0.548,0.046,0.588,0.524,0.662,0.071,0.584,0.527,0.65,0.061
37,Argentina,ARG,2018,2.0,0.783,0.735,0.84,0.055,0.637,0.592,0.709,0.058,0.521,0.475,0.572,0.047,0.602,0.541,0.685,0.074,0.621,0.563,0.682,0.061
37,Argentina,ARG,2019,2.0,0.788,0.745,0.845,0.052,0.626,0.573,0.684,0.056,0.525,0.486,0.578,0.047,0.6,0.535,0.689,0.074,0.623,0.553,0.679,0.063
37,Argentina,ARG,2020,2.0,0.805,0.757,0.856,0.051,0.644,0.583,0.694,0.057,0.543,0.505,0.593,0.045,0.65,0.573,0.719,0.073,0.626,0.574,0.693,0.061
37,Argentina,ARG,2021,2.0,0.797,0.745,0.846,0.051,0.64,0.589,0.704,0.057,0.539,0.497,0.585,0.046,0.638,0.576,0.719,0.072,0.623,0.561,0.682,0.061
37,Argentina,ARG,2022,2.0,0.832,0.789,0.883,0.048,0.661,0.609,0.721,0.057,0.565,0.524,0.61,0.044,0.639,0.569,0.718,0.076,0.655,0.601,0.723,0.061
37,Argentina,ARG,2023,2.0,0.838,0.797,0.891,0.048,0.695,0.646,0.755,0.055,0.57,0.526,0.613,0.044,0.628,0.55,0.721,0.084,0.676,0.614,0.738,0.062
37,Argentina,ARG,2024,2.0,0.712,0.646,0.759,0.057,0.553,0.488,0.602,0.058,0.461,0.419,0.512,0.047,0.431,0.341,0.497,0.077,0.539,0.471,0.596,0.062
51,Venezuela,VEN,2000,2.0,0.573,0.519,0.64,0.061,0.305,0.261,0.349,0.045,0.406,0.358,0.451,0.047,0.333,0.262,0.397,0.067,0.406,0.349,0.463,0.057
51,Venezuela,VEN,2001,2.0,0.532,0.47,0.595,0.062,0.283,0.238,0.324,0.044,0.377,0.329,0.42,0.046,0.31,0.241,0.368,0.063,0.379,0.323,0.428,0.054
51,Venezuela,VEN,2002,1.0,0.499,0.445,0.564,0.06,0.255,0.217,0.292,0.039,0.357,0.315,0.402,0.044,0.288,0.227,0.347,0.06,0.352,0.294,0.396,0.052
51,Venezuela,VEN,2003,1.0,0.483,0.428,0.535,0.055,0.242,0.206,0.28,0.039,0.345,0.299,0.38,0.041,0.257,0.199,0.306,0.055,0.34,0.284,0.378,0.047
51,Venezuela,VEN,2004,1.0,0.472,0.412,0.524,0.056,0.215,0.175,0.241,0.033,0.337,0.29,0.37,0.04,0.239,0.181,0.285,0.052,0.335,0.284,0.381,0.049
51,Venezuela,VEN,2005,1.0,0.471,0.412,0.524,0.056,0.181,0.152,0.205,0.027,0.331,0.288,0.366,0.04,0.239,0.18,0.285,0.052,0.334,0.284,0.38,0.048
51,Venezuela,VEN,2006,1.0,0.453,0.403,0.508,0.053,0.167,0.141,0.19,0.025,0.316,0.28,0.353,0.037,0.228,0.168,0.273,0.053,0.319,0.268,0.359,0.046
51,Venezuela,VEN,2007,1.0,0.434,0.383,0.487,0.051,0.161,0.133,0.178,0.024,0.31,0.273,0.344,0.036,0.217,0.163,0.261,0.05,0.308,0.26,0.346,0.043
51,Venezuela,VEN,2008,1.0,0.433,0.379,0.483,0.052,0.162,0.135,0.182,0.024,0.309,0.265,0.337,0.036,0.212,0.166,0.262,0.049,0.304,0.256,0.342,0.043
51,Venezuela,VEN,2009,1.0,0.43,0.382,0.486,0.052,0.158,0.133,0.179,0.024,0.3,0.264,0.334,0.036,0.211,0.167,0.264,0.048,0.305,0.259,0.346,0.044
51,Venezuela,VEN,2010,1.0,0.42,0.362,0.463,0.051,0.155,0.13,0.176,0.023,0.295,0.264,0.332,0.035,0.189,0.137,0.228,0.046,0.288,0.241,0.326,0.043
51,Venezuela,VEN,2011,1.0,0.414,0.36,0.456,0.049,0.15,0.129,0.172,0.023,0.29,0.26,0.327,0.035,0.187,0.136,0.224,0.045,0.284,0.245,0.325,0.041
51,Venezuela,VEN,2012,1.0,0.401,0.345,0.438,0.047,0.146,0.126,0.167,0.021,0.282,0.252,0.313,0.031,0.183,0.134,0.222,0.045,0.275,0.237,0.313,0.039
51,Venezuela,VEN,2013,1.0,0.324,0.285,0.358,0.037,0.109,0.092,0.125,0.017,0.232,0.203,0.252,0.026,0.104,0.07,0.125,0.03,0.226,0.195,0.26,0.033
51,Venezuela,VEN,2014,1.0,0.31,0.276,0.348,0.037,0.101,0.083,0.115,0.016,0.22,0.195,0.247,0.026,0.077,0.05,0.092,0.023,0.22,0.187,0.249,0.032
51,Venezuela,VEN,2015,1.0,0.297,0.265,0.331,0.035,0.104,0.085,0.12,0.018,0.213,0.183,0.235,0.025,0.068,0.048,0.084,0.02,0.209,0.179,0.238,0.03
51,Venezuela,VEN,2016,1.0,0.292,0.257,0.322,0.033,0.117,0.097,0.136,0.02,0.208,0.183,0.231,0.024,0.059,0.043,0.072,0.018,0.18,0.153,0.211,0.03
51,Venezuela,VEN,2017,1.0,0.232,0.208,0.25,0.022,0.082,0.064,0.095,0.017,0.172,0.152,0.193,0.02,0.046,0.03,0.056,0.015,0.152,0.127,0.179,0.026
51,Venezuela,VEN,2018,1.0,0.215,0.194,0.231,0.019,0.064,0.049,0.076,0.014,0.16,0.137,0.176,0.019,0.038,0.025,0.045,0.012,0.126,0.098,0.149,0.025
51,Venezuela,VEN,2019,1.0,0.208,0.187,0.224,0.018,0.062,0.048,0.074,0.013,0.159,0.138,0.177,0.019,0.039,0.026,0.048,0.014,0.125,0.103,0.156,0.026
51,Venezuela,VEN,2020,1.0,0.206,0.188,0.221,0.018,0.058,0.045,0.068,0.013,0.155,0.132,0.171,0.019,0.038,0.026,0.047,0.013,0.119,0.094,0.143,0.025
51,Venezuela,VEN,2021,1.0,0.215,0.196,0.233,0.019,0.057,0.046,0.066,0.011,0.159,0.138,0.177,0.02,0.042,0.028,0.052,0.014,0.114,0.089,0.139,0.025
51,Venezuela,VEN,2022,1.0,0.211,0.193,0.23,0.02,0.056,0.045,0.066,0.011,0.145,0.127,0.165,0.019,0.043,0.027,0.052,0.015,0.104,0.081,0.129,0.025
51,Venezuela,VEN,2023,1.0,0.207,0.185,0.222,0.019,0.054,0.043,0.065,0.011,0.16,0.14,0.179,0.019,0.041,0.027,0.051,0.014,0.101,0.075,0.121,0.023
51,Venezuela,VEN,2024,1.0,0.197,0.179,0.212,0.017,0.049,0.038,0.057,0.01,0.161,0.141,0.18,0.02,0.026,0.019,0.032,0.008,0.095,0.066,0.118,0.026
59,Nicaragua,NIC,2000,2.0,0.589,0.52,0.645,0.062,0.379,0.321,0.42,0.05,0.358,0.311,0.404,0.047,0.454,0.394,0.52,0.065,0.284,0.233,0.338,0.054
59,Nicaragua,NIC,2001,2.0,0.592,0.522,0.649,0.063,0.374,0.326,0.423,0.049,0.36,0.312,0.406,0.048,0.449,0.375,0.508,0.068,0.286,0.233,0.339,0.054
59,Nicaragua,NIC,2002,2.0,0.613,0.545,0.679,0.067,0.382,0.338,0.438,0.051,0.371,0.324,0.421,0.05,0.493,0.431,0.564,0.068,0.299,0.24,0.349,0.056
59,Nicaragua,NIC,2003,2.0,0.608,0.545,0.681,0.067,0.379,0.33,0.43,0.05,0.368,0.311,0.41,0.05,0.49,0.412,0.55,0.068,0.298,0.239,0.348,0.056
59,Nicaragua,NIC,2004,2.0,0.608,0.545,0.681,0.067,0.38,0.323,0.423,0.051,0.368,0.311,0.41,0.05,0.49,0.412,0.55,0.068,0.295,0.237,0.346,0.055
59,Nicaragua,NIC,2005,2.0,0.608,0.545,0.681,0.067,0.38,0.323,0.423,0.051,0.368,0.311,0.41,0.05,0.476,0.413,0.545,0.066,0.295,0.237,0.346,0.055
59,Nicaragua,NIC,2006,2.0,0.56,0.497,0.626,0.064,0.321,0.276,0.361,0.044,0.333,0.286,0.376,0.045,0.437,0.372,0.497,0.063,0.273,0.223,0.328,0.053
59,Nicaragua,NIC,2007,1.0,0.457,0.404,0.509,0.053,0.218,0.187,0.245,0.031,0.271,0.233,0.306,0.037,0.328,0.278,0.382,0.055,0.237,0.197,0.283,0.044
59,Nicaragua,NIC,2008,1.0,0.445,0.385,0.492,0.054,0.204,0.17,0.23,0.032,0.265,0.222,0.293,0.037,0.316,0.262,0.368,0.052,0.231,0.184,0.271,0.046
59,Nicaragua,NIC,2009,1.0,0.443,0.386,0.492,0.053,0.198,0.163,0.22,0.029,0.263,0.227,0.298,0.036,0.317,0.265,0.373,0.054,0.229,0.183,0.269,0.043
59,Nicaragua,NIC,2010,1.0,0.436,0.386,0.489,0.053,0.193,0.162,0.217,0.03,0.261,0.224,0.291,0.035,0.297,0.24,0.344,0.052,0.225,0.177,0.263,0.043
59,Nicaragua,NIC,2011,1.0,0.427,0.377,0.478,0.052,0.187,0.161,0.216,0.029,0.256,0.224,0.292,0.034,0.29,0.238,0.344,0.053,0.22,0.172,0.255,0.042
59,Nicaragua,NIC,2012,1.0,0.369,0.324,0.409,0.044,0.155,0.13,0.175,0.023,0.23,0.198,0.254,0.029,0.261,0.214,0.3,0.044,0.196,0.152,0.226,0.037
59,Nicaragua,NIC,2013,1.0,0.323,0.284,0.36,0.039,0.127,0.11,0.144,0.018,0.193,0.162,0.215,0.027,0.144,0.106,0.179,0.038,0.176,0.14,0.209,0.035
59,Nicaragua,NIC,2014,1.0,0.321,0.279,0.356,0.04,0.126,0.106,0.142,0.019,0.188,0.161,0.217,0.028,0.142,0.101,0.174,0.037,0.175,0.139,0.207,0.035
59,Nicaragua,NIC,2015,1.0,0.321,0.277,0.353,0.039,0.126,0.108,0.143,0.018,0.189,0.165,0.22,0.028,0.138,0.099,0.17,0.036,0.167,0.134,0.201,0.034
59,Nicaragua,NIC,2016,1.0,0.309,0.27,0.342,0.038,0.121,0.102,0.136,0.018,0.177,0.15,0.201,0.025,0.131,0.095,0.166,0.037,0.16,0.125,0.189,0.032
59,Nicaragua,NIC,2017,1.0,0.283,0.25,0.312,0.033,0.103,0.086,0.117,0.016,0.165,0.138,0.186,0.024,0.125,0.091,0.158,0.034,0.14,0.109,0.168,0.03
59,Nicaragua,NIC,2018,1.0,0.223,0.198,0.243,0.024,0.051,0.039,0.058,0.01,0.132,0.112,0.149,0.019,0.027,0.021,0.032,0.006,0.122,0.096,0.148,0.026
59,Nicaragua,NIC,2019,1.0,0.217,0.195,0.238,0.023,0.047,0.037,0.054,0.009,0.127,0.108,0.144,0.019,0.026,0.02,0.03,0.006,0.12,0.093,0.144,0.026
59,Nicaragua,NIC,2020,1.0,0.219,0.195,0.239,0.023,0.045,0.035,0.053,0.009,0.121,0.104,0.135,0.017,0.028,0.021,0.032,0.007,0.116,0.09,0.142,0.027
59,Nicaragua,NIC,2021,1.0,0.198,0.179,0.216,0.019,0.035,0.027,0.041,0.008,0.111,0.092,0.127,0.018,0.029,0.02,0.034,0.009,0.102,0.078,0.128,0.024
59,Nicaragua,NIC,2022,1.0,0.161,0.15,0.172,0.012,0.027,0.02,0.032,0.007,0.098,0.081,0.112,0.016,0.02,0.014,0.023,0.007,0.083,0.06,0.103,0.022
59,Nicaragua,NIC,2023,1.0,0.159,0.149,0.171,0.012,0.021,0.017,0.024,0.005,0.096,0.081,0.109,0.015,0.02,0.014,0.024,0.007,0.099,0.071,0.117,0.024
59,Nicaragua,NIC,2024,1.0,0.153,0.143,0.162,0.01,0.019,0.015,0.022,0.005,0.094,0.078,0.105,0.015,0.018,0.013,0.021,0.006,0.087,0.064,0.109,0.023
72,Chile,CHL,2000,3.0,0.879,0.844,0.916,0.039,0.815,0.775,0.862,0.045,0.579,0.546,0.63,0.043,0.8,0.749,0.855,0.053,0.623,0.558,0.687,0.066
72,Chile,CHL,2001,3.0,0.879,0.844,0.916,0.039,0.815,0.775,0.862,0.045,0.579,0.546,0.63,0.043,0.8,0.75,0.855,0.053,0.623,0.558,0.687,0.066
72,Chile,CHL,2002,3.0,0.879,0.847,0.924,0.04,0.815,0.777,0.869,0.046,0.577,0.529,0.615,0.043,0.805,0.764,0.868,0.053,0.624,0.559,0.692,0.067
72,Chile,CHL,2003,3.0,0.879,0.847,0.924,0.04,0.815,0.777,0.869,0.046,0.577,0.529,0.615,0.043,0.798,0.749,0.849,0.054,0.624,0.559,0.692,0.067
72,Chile,CHL,2004,3.0,0.879,0.847,0.924,0.04,0.815,0.777,0.869,0.046,0.577,0.529,0.615,0.043,0.805,0.757,0.857,0.053,0.624,0.559,0.692,0.067
72,Chile,CHL,2005,3.0,0.877,0.845,0.919,0.039,0.822,0.78,0.864,0.044,0.574,0.533,0.617,0.044,0.804,0.759,0.858,0.051,0.638,0.564,0.696,0.065
72,Chile,CHL,2006,3.0,0.893,0.866,0.931,0.035,0.839,0.808,0.884,0.04,0.594,0.552,0.635,0.043,0.825,0.788,0.878,0.048,0.653,0.592,0.718,0.064
72,Chile,CHL,2007,3.0,0.893,0.866,0.931,0.035,0.842,0.809,0.886,0.04,0.594,0.552,0.635,0.043,0.825,0.788,0.878,0.048,0.653,0.592,0.719,0.064
72,Chile,CHL,2008,3.0,0.893,0.866,0.931,0.035,0.841,0.81,0.887,0.04,0.594,0.552,0.635,0.043,0.825,0.788,0.878,0.048,0.653,0.592,0.719,0.064
72,Chile,CHL,2009,3.0,0.887,0.858,0.925,0.036,0.835,0.794,0.874,0.041,0.589,0.549,0.633,0.043,0.819,0.775,0.87,0.049,0.649,0.593,0.716,0.064
72,Chile,CHL,2010,3.0,0.887,0.859,0.929,0.037,0.838,0.799,0.88,0.042,0.576,0.535,0.623,0.043,0.791,0.749,0.855,0.056,0.666,0.611,0.737,0.064
72,Chile,CHL,2011,3.0,0.89,0.862,0.928,0.034,0.84,0.81,0.885,0.039,0.578,0.537,0.62,0.042,0.806,0.752,0.851,0.051,0.674,0.621,0.739,0.061
72,Chile,CHL,2012,3.0,0.894,0.862,0.925,0.033,0.846,0.815,0.888,0.038,0.581,0.543,0.624,0.042,0.807,0.762,0.858,0.05,0.681,0.622,0.747,0.063
72,Chile,CHL,2013,3.0,0.894,0.862,0.93,0.036,0.848,0.812,0.89,0.041,0.581,0.535,0.621,0.043,0.799,0.739,0.85,0.058,0.683,0.63,0.75,0.06
72,Chile,CHL,2014,3.0,0.894,0.857,0.925,0.036,0.849,0.815,0.892,0.041,0.592,0.556,0.634,0.041,0.822,0.783,0.878,0.05,0.687,0.632,0.753,0.062
72,Chile,CHL,2015,3.0,0.888,0.857,0.925,0.037,0.84,0.802,0.882,0.041,0.587,0.542,0.627,0.043,0.82,0.772,0.862,0.049,0.678,0.624,0.745,0.06
72,Chile,CHL,2016,3.0,0.888,0.857,0.925,0.037,0.84,0.802,0.882,0.041,0.592,0.56,0.639,0.042,0.82,0.78,0.875,0.05,0.676,0.617,0.734,0.06
72,Chile,CHL,2017,3.0,0.891,0.859,0.926,0.036,0.842,0.807,0.884,0.04,0.592,0.556,0.636,0.041,0.809,0.768,0.865,0.052,0.684,0.622,0.738,0.06
72,Chile,CHL,2018,2.0,0.871,0.844,0.918,0.04,0.805,0.761,0.846,0.044,0.576,0.535,0.62,0.043,0.781,0.729,0.837,0.056,0.656,0.592,0.719,0.064
72,Chile,CHL,2019,2.0,0.829,0.789,0.879,0.047,0.763,0.72,0.816,0.049,0.56,0.514,0.604,0.045,0.747,0.694,0.807,0.059,0.624,0.571,0.703,0.066
72,Chile,CHL,2020,2.0,0.835,0.792,0.877,0.043,0.765,0.724,0.813,0.046,0.596,0.557,0.64,0.042,0.735,0.678,0.796,0.06,0.612,0.544,0.675,0.066
72,Chile,CHL,2021,3.0,0.839,0.8,0.887,0.045,0.777,0.735,0.83,0.048,0.592,0.548,0.636,0.044,0.771,0.723,0.826,0.054,0.626,0.565,0.695,0.065
72,Chile,CHL,2022,3.0,0.838,0.799,0.891,0.048,0.779,0.736,0.836,0.051,0.592,0.552,0.643,0.046,0.773,0.72,0.83,0.056,0.617,0.552,0.684,0.067
72,Chile,CHL,2023,3.0,0.837,0.804,0.891,0.045,0.781,0.732,0.827,0.048,0.596,0.548,0.635,0.044,0.773,0.724,0.829,0.054,0.631,0.574,0.708,0.066
72,Chile,CHL,2024,3.0,0.844,0.801,0.889,0.046,0.787,0.743,0.838,0.049,0.594,0.547,0.635,0.046,0.777,0.729,0.834,0.055,0.641,0.574,0.704,0.066
73,Costa Rica,CRI,2000,3.0,0.895,0.868,0.937,0.038,0.844,0.807,0.89,0.043,0.632,0.603,0.67,0.036,0.843,0.807,0.899,0.048,0.792,0.75,0.851,0.054
73,Costa Rica,CRI,2001,3.0,0.895,0.868,0.937,0.038,0.844,0.81,0.892,0.043,0.633,0.6,0.668,0.036,0.843,0.807,0.899,0.048,0.799,0.761,0.859,0.052
73,Costa Rica,CRI,2002,3.0,0.896,0.864,0.933,0.036,0.846,0.809,0.889,0.041,0.651,0.614,0.684,0.036,0.843,0.803,0.891,0.046,0.802,0.76,0.858,0.051
73,Costa Rica,CRI,2003,3.0,0.896,0.864,0.932,0.036,0.846,0.809,0.888,0.041,0.65,0.616,0.686,0.036,0.843,0.803,0.892,0.046,0.802,0.76,0.858,0.051
73,Costa Rica,CRI,2004,3.0,0.894,0.865,0.934,0.036,0.843,0.81,0.888,0.041,0.648,0.617,0.685,0.036,0.84,0.798,0.886,0.045,0.799,0.76,0.86,0.051
73,Costa Rica,CRI,2005,3.0,0.894,0.865,0.934,0.036,0.841,0.804,0.884,0.041,0.648,0.617,0.685,0.036,0.84,0.798,0.886,0.045,0.798,0.76,0.858,0.051
73,Costa Rica,CRI,2006,3.0,0.905,0.878,0.942,0.034,0.851,0.82,0.897,0.04,0.657,0.627,0.692,0.034,0.86,0.822,0.901,0.042,0.81,0.773,0.87,0.05
73,Costa Rica,CRI,2007,3.0,0.908,0.882,0.943,0.033,0.855,0.819,0.896,0.039,0.698,0.67,0.737,0.035,0.865,0.825,0.903,0.041,0.813,0.767,0.862,0.05
73,Costa Rica,CRI,2008,3.0,0.908,0.882,0.943,0.033,0.855,0.819,0.896,0.039,0.698,0.67,0.737,0.035,0.857,0.82,0.903,0.043,0.813,0.767,0.862,0.05
73,Costa Rica,CRI,2009,3.0,0.908,0.882,0.943,0.033,0.855,0.82,0.894,0.039,0.698,0.67,0.737,0.035,0.857,0.82,0.903,0.043,0.812,0.771,0.865,0.05
73,Costa Rica,CRI,2010,3.0,0.911,0.886,0.945,0.032,0.859,0.824,0.898,0.038,0.7,0.673,0.739,0.034,0.866,0.827,0.907,0.042,0.82,0.777,0.866,0.047
73,Costa Rica,CRI,2011,3.0,0.911,0.887,0.945,0.032,0.861,0.825,0.898,0.038,0.701,0.673,0.739,0.034,0.866,0.828,0.907,0.042,0.82,0.777,0.866,0.047
73,Costa Rica,CRI,2012,3.0,0.909,0.886,0.948,0.033,0.859,0.828,0.902,0.038,0.696,0.666,0.733,0.035,0.862,0.827,0.907,0.041,0.824,0.779,0.868,0.046
73,Costa Rica,CRI,2013,3.0,0.908,0.881,0.943,0.033,0.854,0.821,0.898,0.039,0.691,0.658,0.726,0.034,0.86,0.821,0.903,0.042,0.815,0.769,0.862,0.048
73,Costa Rica,CRI,2014,3.0,0.905,0.883,0.944,0.033,0.856,0.824,0.897,0.039,0.687,0.655,0.719,0.034,0.857,0.821,0.9,0.042,0.811,0.768,0.861,0.048
73,Costa Rica,CRI,2015,3.0,0.905,0.876,0.938,0.033,0.854,0.821,0.895,0.039,0.677,0.646,0.713,0.036,0.853,0.818,0.898,0.043,0.814,0.772,0.865,0.048
73,Costa Rica,CRI,2016,3.0,0.904,0.878,0.941,0.035,0.855,0.821,0.9,0.041,0.674,0.642,0.712,0.037,0.844,0.803,0.893,0.046,0.812,0.765,0.861,0.049
73,Costa Rica,CRI,2017,3.0,0.899,0.873,0.938,0.034,0.852,0.817,0.894,0.04,0.664,0.633,0.704,0.037,0.847,0.81,0.895,0.044,0.809,0.765,0.857,0.047
73,Costa Rica,CRI,2018,3.0,0.892,0.859,0.928,0.036,0.836,0.802,0.881,0.041,0.66,0.625,0.699,0.038,0.831,0.791,0.881,0.048,0.802,0.76,0.857,0.05
73,Costa Rica,CRI,2019,3.0,0.896,0.869,0.936,0.036,0.843,0.806,0.886,0.041,0.655,0.623,0.696,0.038,0.838,0.802,0.893,0.046,0.806,0.758,0.854,0.049
73,Costa Rica,CRI,2020,3.0,0.898,0.867,0.932,0.035,0.848,0.816,0.894,0.04,0.654,0.625,0.699,0.038,0.847,0.814,0.899,0.045,0.81,0.765,0.859,0.049
73,Costa Rica,CRI,2021,3.0,0.895,0.862,0.929,0.035,0.844,0.808,0.888,0.041,0.649,0.621,0.694,0.038,0.844,0.811,0.899,0.045,0.798,0.757,0.856,0.051
73,Costa Rica,CRI,2022,3.0,0.865,0.833,0.916,0.044,0.809,0.768,0.861,0.048,0.623,0.587,0.67,0.043,0.791,0.742,0.846,0.054,0.765,0.712,0.823,0.056
73,Costa Rica,CRI,2023,3.0,0.859,0.824,0.904,0.043,0.805,0.769,0.86,0.047,0.604,0.557,0.642,0.043,0.787,0.744,0.849,0.053,0.76,0.705,0.811,0.056
73,Costa Rica,CRI,2024,3.0,0.859,0.824,0.904,0.043,0.805,0.769,0.86,0.047,0.604,0.561,0.647,0.044,0.787,0.744,0.849,0.053,0.76,0.707,0.812,0.055
75,Ecuador,ECU,2000,2.0,0.689,0.63,0.756,0.063,0.453,0.394,0.508,0.057,0.475,0.427,0.532,0.052,0.448,0.375,0.536,0.08,0.395,0.33,0.453,0.063
75,Ecuador,ECU,2001,2.0,0.689,0.63,0.756,0.063,0.453,0.394,0.508,0.057,0.475,0.427,0.532,0.052,0.448,0.375,0.536,0.08,0.395,0.33,0.453,0.063
75,Ecuador,ECU,2002,2.0,0.691,0.638,0.767,0.063,0.455,0.394,0.508,0.057,0.476,0.426,0.532,0.052,0.44,0.355,0.52,0.082,0.397,0.333,0.459,0.064
75,Ecuador,ECU,2003,2.0,0.7,0.641,0.761,0.061,0.46,0.407,0.521,0.057,0.487,0.44,0.541,0.051,0.391,0.3,0.457,0.078,0.403,0.343,0.466,0.063
75,Ecuador,ECU,2004,2.0,0.7,0.641,0.761,0.061,0.458,0.404,0.518,0.056,0.485,0.437,0.538,0.05,0.391,0.3,0.457,0.078,0.403,0.343,0.466,0.063
75,Ecuador,ECU,2005,2.0,0.7,0.641,0.761,0.061,0.459,0.408,0.52,0.056,0.483,0.435,0.536,0.05,0.397,0.32,0.467,0.074,0.4,0.338,0.464,0.063
75,Ecuador,ECU,2006,2.0,0.703,0.636,0.761,0.061,0.461,0.41,0.514,0.054,0.501,0.453,0.556,0.051,0.419,0.347,0.498,0.077,0.403,0.337,0.461,0.063
75,Ecuador,ECU,2007,2.0,0.671,0.613,0.732,0.061,0.409,0.358,0.461,0.052,0.478,0.43,0.528,0.049,0.52,0.449,0.593,0.072,0.425,0.359,0.482,0.062
75,Ecuador,ECU,2008,2.0,0.632,0.57,0.694,0.062,0.351,0.302,0.393,0.047,0.473,0.422,0.522,0.05,0.477,0.411,0.545,0.068,0.416,0.351,0.472,0.061
75,Ecuador,ECU,2009,2.0,0.612,0.545,0.67,0.061,0.332,0.28,0.368,0.044,0.443,0.392,0.487,0.048,0.441,0.376,0.509,0.067,0.409,0.355,0.471,0.059
75,Ecuador,ECU,2010,2.0,0.588,0.532,0.648,0.058,0.311,0.265,0.344,0.041,0.415,0.364,0.453,0.046,0.408,0.35,0.479,0.067,0.417,0.367,0.475,0.055
75,Ecuador,ECU,2011,2.0,0.587,0.526,0.653,0.062,0.311,0.264,0.349,0.043,0.412,0.36,0.458,0.05,0.403,0.338,0.479,0.07,0.417,0.358,0.469,0.057
75,Ecuador,ECU,2012,2.0,0.589,0.528,0.649,0.06,0.307,0.267,0.349,0.041,0.412,0.364,0.461,0.048,0.393,0.321,0.46,0.07,0.418,0.36,0.472,0.057
75,Ecuador,ECU,2013,2.0,0.541,0.483,0.6,0.059,0.268,0.231,0.303,0.037,0.37,0.326,0.413,0.043,0.352,0.293,0.412,0.061,0.385,0.331,0.435,0.053
75,Ecuador,ECU,2014,2.0,0.54,0.486,0.602,0.059,0.265,0.225,0.295,0.037,0.369,0.325,0.41,0.043,0.343,0.279,0.407,0.064,0.384,0.33,0.439,0.054
75,Ecuador,ECU,2015,2.0,0.534,0.475,0.597,0.06,0.263,0.226,0.297,0.036,0.366,0.323,0.412,0.045,0.344,0.274,0.402,0.063,0.381,0.329,0.431,0.052
75,Ecuador,ECU,2016,2.0,0.543,0.483,0.6,0.059,0.268,0.228,0.299,0.036,0.368,0.328,0.416,0.045,0.347,0.281,0.411,0.065,0.389,0.338,0.437,0.051
75,Ecuador,ECU,2017,2.0,0.555,0.496,0.617,0.061,0.342,0.297,0.386,0.045,0.38,0.336,0.427,0.046,0.438,0.376,0.503,0.064,0.393,0.335,0.442,0.054
75,Ecuador,ECU,2018,2.0,0.643,0.579,0.701,0.061,0.46,0.409,0.52,0.056,0.448,0.402,0.504,0.051,0.493,0.42,0.558,0.069,0.426,0.364,0.487,0.061
75,Ecuador,ECU,2019,2.0,0.618,0.563,0.685,0.061,0.45,0.397,0.502,0.053,0.429,0.375,0.474,0.049,0.459,0.398,0.538,0.069,0.405,0.345,0.461,0.058
75,Ecuador,ECU,2020,2.0,0.623,0.556,0.685,0.064,0.473,0.412,0.526,0.057,0.437,0.386,0.489,0.051,0.438,0.357,0.497,0.071,0.402,0.342,0.457,0.06
75,Ecuador,ECU,2021,2.0,0.628,0.568,0.697,0.064,0.458,0.409,0.521,0.057,0.434,0.384,0.489,0.052,0.471,0.405,0.55,0.074,0.381,0.322,0.439,0.059
75,Ecuador,ECU,2022,2.0,0.659,0.613,0.73,0.059,0.5,0.447,0.555,0.055,0.466,0.406,0.506,0.049,0.396,0.3,0.459,0.079,0.386,0.327,0.447,0.059
75,Ecuador,ECU,2023,2.0,0.639,0.584,0.706,0.061,0.46,0.404,0.512,0.055,0.49,0.441,0.544,0.052,0.385,0.304,0.46,0.077,0.351,0.296,0.405,0.056
75,Ecuador,ECU,2024,2.0,0.651,0.581,0.706,0.062,0.446,0.399,0.508,0.055,0.504,0.454,0.561,0.054,0.35,0.273,0.425,0.076,0.309,0.253,0.364,0.057
78,Guatemala,GTM,2000,2.0,0.546,0.477,0.61,0.065,0.364,0.307,0.409,0.05,0.336,0.292,0.384,0.046,0.374,0.311,0.433,0.062,0.222,0.176,0.263,0.045
78,Guatemala,GTM,2001,2.0,0.546,0.477,0.61,0.065,0.365,0.311,0.416,0.051,0.336,0.292,0.384,0.046,0.374,0.311,0.433,0.062,0.222,0.176,0.263,0.045
78,Guatemala,GTM,2002,2.0,0.546,0.477,0.61,0.065,0.366,0.31,0.415,0.052,0.336,0.292,0.384,0.046,0.374,0.311,0.433,0.062,0.222,0.176,0.263,0.045
78,Guatemala,GTM,2003,2.0,0.548,0.481,0.613,0.065,0.367,0.312,0.416,0.052,0.338,0.293,0.385,0.046,0.375,0.312,0.434,0.063,0.223,0.177,0.264,0.045
78,Guatemala,GTM,2004,2.0,0.562,0.506,0.632,0.063,0.38,0.329,0.427,0.051,0.343,0.298,0.388,0.045,0.385,0.318,0.441,0.063,0.229,0.183,0.272,0.046
78,Guatemala,GTM,2005,2.0,0.562,0.506,0.632,0.063,0.381,0.328,0.426,0.05,0.341,0.296,0.386,0.045,0.385,0.318,0.441,0.063,0.229,0.183,0.272,0.046
78,Guatemala,GTM,2006,2.0,0.562,0.506,0.632,0.063,0.379,0.331,0.43,0.05,0.339,0.294,0.384,0.045,0.385,0.318,0.441,0.063,0.229,0.183,0.272,0.046
78,Guatemala,GTM,2007,2.0,0.568,0.5,0.626,0.063,0.391,0.333,0.434,0.051,0.341,0.294,0.384,0.045,0.387,0.325,0.45,0.064,0.231,0.181,0.271,0.046
78,Guatemala,GTM,2008,2.0,0.588,0.522,0.653,0.064,0.405,0.357,0.462,0.053,0.353,0.305,0.398,0.047,0.402,0.338,0.466,0.065,0.244,0.196,0.291,0.048
78,Guatemala,GTM,2009,2.0,0.588,0.519,0.646,0.063,0.405,0.348,0.452,0.052,0.35,0.307,0.396,0.046,0.401,0.337,0.467,0.065,0.245,0.19,0.284,0.048
78,Guatemala,GTM,2010,2.0,0.583,0.517,0.645,0.065,0.399,0.344,0.449,0.053,0.346,0.303,0.395,0.047,0.393,0.32,0.448,0.065,0.24,0.186,0.28,0.047
78,Guatemala,GTM,2011,2.0,0.583,0.519,0.645,0.064,0.393,0.341,0.445,0.053,0.343,0.298,0.389,0.047,0.389,0.322,0.461,0.068,0.24,0.186,0.281,0.047
78,Guatemala,GTM,2012,2.0,0.578,0.516,0.648,0.065,0.392,0.327,0.432,0.053,0.341,0.294,0.388,0.047,0.373,0.305,0.438,0.066,0.233,0.181,0.271,0.047
78,Guatemala,GTM,2013,2.0,0.573,0.512,0.639,0.062,0.405,0.35,0.45,0.051,0.335,0.286,0.375,0.045,0.37,0.307,0.434,0.064,0.228,0.185,0.275,0.047
78,Guatemala,GTM,2014,2.0,0.58,0.515,0.646,0.064,0.413,0.359,0.466,0.054,0.336,0.286,0.38,0.047,0.372,0.306,0.433,0.065,0.234,0.191,0.279,0.045
78,Guatemala,GTM,2015,2.0,0.595,0.532,0.66,0.064,0.433,0.381,0.487,0.054,0.348,0.301,0.397,0.048,0.383,0.319,0.454,0.067,0.243,0.198,0.294,0.049
78,Guatemala,GTM,2016,2.0,0.626,0.563,0.684,0.063,0.453,0.408,0.516,0.055,0.365,0.318,0.414,0.049,0.381,0.305,0.445,0.07,0.26,0.211,0.311,0.05
78,Guatemala,GTM,2017,2.0,0.629,0.576,0.7,0.062,0.459,0.403,0.511,0.055,0.362,0.318,0.414,0.048,0.387,0.317,0.457,0.07,0.253,0.203,0.299,0.049
78,Guatemala,GTM,2018,2.0,0.599,0.539,0.662,0.062,0.415,0.366,0.47,0.054,0.347,0.305,0.4,0.048,0.305,0.243,0.364,0.06,0.247,0.199,0.294,0.048
78,Guatemala,GTM,2019,2.0,0.604,0.537,0.662,0.064,0.421,0.368,0.474,0.054,0.35,0.301,0.396,0.048,0.338,0.263,0.395,0.067,0.24,0.187,0.284,0.05
78,Guatemala,GTM,2020,2.0,0.587,0.52,0.65,0.064,0.406,0.349,0.46,0.055,0.358,0.306,0.404,0.049,0.33,0.268,0.403,0.067,0.243,0.197,0.296,0.049
78,Guatemala,GTM,2021,2.0,0.549,0.495,0.62,0.062,0.359,0.309,0.408,0.051,0.328,0.281,0.371,0.045,0.31,0.252,0.378,0.063,0.214,0.164,0.251,0.044
78,Guatemala,GTM,2022,2.0,0.507,0.447,0.565,0.06,0.309,0.263,0.355,0.047,0.292,0.254,0.335,0.041,0.29,0.227,0.346,0.06,0.196,0.148,0.233,0.043
78,Guatemala,GTM,2023,2.0,0.505,0.44,0.56,0.059,0.303,0.256,0.347,0.047,0.285,0.238,0.321,0.042,0.28,0.22,0.336,0.06,0.205,0.158,0.245,0.044
78,Guatemala,GTM,2024,2.0,0.597,0.529,0.654,0.063,0.469,0.417,0.523,0.054,0.386,0.34,0.436,0.049,0.387,0.306,0.446,0.072,0.261,0.21,0.303,0.048
92,Panama,PAN,2000,2.0,0.727,0.677,0.797,0.061,0.55,0.498,0.616,0.06,0.471,0.41,0.516,0.053,0.625,0.565,0.699,0.069,0.475,0.413,0.549,0.068
92,Panama,PAN,2001,2.0,0.733,0.679,0.798,0.061,0.553,0.493,0.612,0.062,0.475,0.417,0.525,0.053,0.628,0.563,0.696,0.069,0.48,0.413,0.547,0.069
92,Panama,PAN,2002,2.0,0.733,0.679,0.798,0.061,0.553,0.493,0.612,0.062,0.475,0.417,0.525,0.053,0.628,0.563,0.696,0.069,0.48,0.413,0.547,0.069
92,Panama,PAN,2003,2.0,0.733,0.679,0.798,0.061,0.553,0.493,0.612,0.062,0.473,0.415,0.523,0.053,0.628,0.563,0.696,0.069,0.48,0.413,0.547,0.069
92,Panama,PAN,2004,2.0,0.736,0.679,0.796,0.06,0.561,0.509,0.63,0.062,0.472,0.423,0.53,0.052,0.635,0.568,0.702,0.069,0.481,0.419,0.554,0.068
92,Panama,PAN,2005,2.0,0.738,0.679,0.795,0.06,0.555,0.488,0.612,0.062,0.471,0.426,0.532,0.052,0.643,0.581,0.711,0.067,0.479,0.42,0.553,0.066
92,Panama,PAN,2006,2.0,0.738,0.679,0.795,0.06,0.555,0.488,0.612,0.062,0.48,0.428,0.535,0.052,0.646,0.585,0.714,0.065,0.479,0.42,0.553,0.066
92,Panama,PAN,2007,2.0,0.738,0.679,0.795,0.06,0.555,0.488,0.612,0.062,0.48,0.428,0.535,0.052,0.641,0.579,0.712,0.067,0.479,0.42,0.553,0.066
92,Panama,PAN,2008,2.0,0.738,0.679,0.795,0.06,0.555,0.488,0.612,0.062,0.48,0.428,0.535,0.052,0.641,0.579,0.712,0.067,0.479,0.42,0.553,0.066
92,Panama,PAN,2009,2.0,0.742,0.692,0.804,0.058,0.559,0.505,0.624,0.06,0.481,0.429,0.534,0.052,0.652,0.593,0.721,0.065,0.484,0.425,0.555,0.066
92,Panama,PAN,2010,2.0,0.744,0.694,0.806,0.057,0.562,0.511,0.627,0.059,0.482,0.437,0.54,0.052,0.651,0.591,0.715,0.064,0.477,0.399,0.531,0.066
92,Panama,PAN,2011,2.0,0.744,0.694,0.806,0.057,0.562,0.511,0.627,0.059,0.48,0.436,0.538,0.051,0.651,0.591,0.715,0.064,0.477,0.399,0.531,0.066
92,Panama,PAN,2012,2.0,0.744,0.694,0.806,0.057,0.562,0.511,0.627,0.059,0.479,0.434,0.537,0.051,0.651,0.591,0.715,0.064,0.477,0.399,0.531,0.066
92,Panama,PAN,2013,2.0,0.748,0.693,0.806,0.057,0.551,0.488,0.604,0.058,0.483,0.423,0.528,0.052,0.621,0.549,0.69,0.07,0.498,0.433,0.562,0.065
92,Panama,PAN,2014,2.0,0.74,0.684,0.795,0.057,0.546,0.487,0.598,0.057,0.476,0.423,0.525,0.051,0.617,0.548,0.687,0.07,0.493,0.435,0.562,0.065
92,Panama,PAN,2015,2.0,0.756,0.699,0.81,0.056,0.557,0.505,0.619,0.058,0.485,0.428,0.531,0.051,0.629,0.566,0.705,0.07,0.503,0.438,0.568,0.066
92,Panama,PAN,2016,2.0,0.756,0.699,0.81,0.056,0.557,0.505,0.619,0.058,0.483,0.427,0.53,0.051,0.629,0.566,0.705,0.07,0.503,0.438,0.568,0.066
92,Panama,PAN,2017,2.0,0.736,0.678,0.794,0.057,0.552,0.491,0.606,0.058,0.473,0.423,0.524,0.05,0.61,0.54,0.678,0.069,0.482,0.411,0.541,0.065
92,Panama,PAN,2018,2.0,0.728,0.664,0.78,0.058,0.539,0.483,0.598,0.057,0.449,0.405,0.508,0.052,0.605,0.539,0.674,0.069,0.458,0.391,0.522,0.065
92,Panama,PAN,2019,2.0,0.731,0.676,0.787,0.058,0.537,0.479,0.594,0.058,0.442,0.392,0.494,0.052,0.583,0.515,0.654,0.072,0.46,0.393,0.523,0.066
92,Panama,PAN,2020,2.0,0.73,0.678,0.786,0.056,0.55,0.487,0.601,0.058,0.447,0.4,0.495,0.049,0.563,0.494,0.634,0.072,0.453,0.378,0.504,0.064
92,Panama,PAN,2021,2.0,0.738,0.681,0.797,0.058,0.549,0.483,0.604,0.06,0.447,0.397,0.501,0.051,0.569,0.495,0.641,0.074,0.46,0.393,0.524,0.065
92,Panama,PAN,2022,2.0,0.727,0.672,0.788,0.059,0.563,0.502,0.615,0.059,0.434,0.374,0.482,0.054,0.561,0.481,0.623,0.073,0.454,0.38,0.514,0.066
92,Panama,PAN,2023,2.0,0.725,0.666,0.783,0.059,0.567,0.496,0.617,0.06,0.433,0.383,0.487,0.052,0.55,0.481,0.637,0.076,0.448,0.38,0.509,0.065
92,Panama,PAN,2024,2.0,0.726,0.671,0.79,0.059,0.584,0.524,0.643,0.059,0.436,0.384,0.487,0.052,0.551,0.477,0.625,0.074,0.464,0.4,0.532,0.067
102,Uruguay,URY,2000,3.0,0.874,0.841,0.918,0.041,0.8,0.759,0.852,0.048,0.726,0.685,0.774,0.045,0.811,0.767,0.869,0.052,0.75,0.697,0.804,0.055
102,Uruguay,URY,2001,3.0,0.874,0.841,0.918,0.041,0.807,0.771,0.863,0.047,0.719,0.678,0.766,0.045,0.811,0.767,0.869,0.052,0.75,0.697,0.804,0.055
102,Uruguay,URY,2002,3.0,0.874,0.841,0.918,0.041,0.807,0.771,0.863,0.047,0.733,0.692,0.781,0.046,0.811,0.755,0.862,0.054,0.75,0.697,0.804,0.055
102,Uruguay,URY,2003,3.0,0.874,0.841,0.918,0.041,0.791,0.748,0.842,0.048,0.73,0.689,0.778,0.045,0.813,0.769,0.87,0.052,0.75,0.697,0.804,0.055
102,Uruguay,URY,2004,3.0,0.875,0.841,0.919,0.041,0.809,0.759,0.853,0.047,0.743,0.701,0.791,0.046,0.813,0.77,0.871,0.052,0.75,0.698,0.806,0.055
102,Uruguay,URY,2005,3.0,0.889,0.855,0.93,0.041,0.824,0.785,0.874,0.046,0.753,0.703,0.791,0.046,0.841,0.798,0.89,0.049,0.782,0.742,0.842,0.052
102,Uruguay,URY,2006,3.0,0.892,0.863,0.937,0.04,0.827,0.788,0.874,0.046,0.751,0.703,0.789,0.046,0.843,0.797,0.887,0.048,0.787,0.736,0.837,0.052
102,Uruguay,URY,2007,3.0,0.892,0.863,0.937,0.04,0.827,0.788,0.874,0.046,0.747,0.702,0.788,0.045,0.843,0.797,0.887,0.048,0.796,0.749,0.849,0.051
102,Uruguay,URY,2008,3.0,0.892,0.863,0.937,0.04,0.825,0.786,0.876,0.047,0.74,0.696,0.782,0.045,0.843,0.797,0.887,0.048,0.797,0.749,0.848,0.051
102,Uruguay,URY,2009,3.0,0.894,0.866,0.938,0.039,0.827,0.789,0.878,0.046,0.754,0.711,0.794,0.044,0.847,0.812,0.9,0.047,0.798,0.751,0.848,0.051
102,Uruguay,URY,2010,3.0,0.912,0.888,0.948,0.033,0.848,0.811,0.888,0.041,0.77,0.736,0.811,0.039,0.867,0.832,0.909,0.041,0.816,0.775,0.869,0.048
102,Uruguay,URY,2011,3.0,0.912,0.889,0.949,0.033,0.847,0.809,0.886,0.041,0.767,0.729,0.803,0.039,0.866,0.833,0.913,0.043,0.81,0.769,0.865,0.049
102,Uruguay,URY,2012,3.0,0.912,0.889,0.949,0.033,0.847,0.809,0.886,0.041,0.763,0.725,0.799,0.039,0.866,0.833,0.913,0.043,0.81,0.769,0.865,0.049
102,Uruguay,URY,2013,3.0,0.912,0.888,0.947,0.033,0.846,0.815,0.891,0.041,0.778,0.746,0.82,0.04,0.86,0.826,0.908,0.043,0.817,0.777,0.868,0.047
102,Uruguay,URY,2014,3.0,0.911,0.887,0.946,0.034,0.845,0.813,0.89,0.041,0.773,0.74,0.814,0.04,0.854,0.821,0.904,0.044,0.816,0.776,0.868,0.047
102,Uruguay,URY,2015,3.0,0.897,0.868,0.936,0.036,0.833,0.797,0.88,0.043,0.75,0.709,0.792,0.042,0.831,0.786,0.88,0.049,0.802,0.762,0.857,0.049
102,Uruguay,URY,2016,3.0,0.897,0.868,0.936,0.036,0.833,0.797,0.88,0.043,0.746,0.706,0.788,0.042,0.831,0.786,0.88,0.049,0.801,0.759,0.853,0.049
102,Uruguay,URY,2017,3.0,0.889,0.856,0.932,0.04,0.826,0.786,0.878,0.047,0.733,0.687,0.775,0.045,0.821,0.775,0.876,0.052,0.785,0.729,0.833,0.053
102,Uruguay,URY,2018,3.0,0.9,0.874,0.942,0.037,0.839,0.806,0.89,0.043,0.736,0.698,0.776,0.041,0.84,0.796,0.885,0.048,0.797,0.752,0.849,0.051
102,Uruguay,URY,2019,3.0,0.898,0.872,0.94,0.037,0.838,0.8,0.881,0.043,0.736,0.706,0.787,0.041,0.843,0.805,0.895,0.047,0.798,0.755,0.855,0.051
102,Uruguay,URY,2020,3.0,0.87,0.835,0.913,0.041,0.81,0.767,0.856,0.045,0.699,0.656,0.744,0.045,0.761,0.708,0.825,0.06,0.759,0.707,0.814,0.055
102,Uruguay,URY,2021,3.0,0.857,0.824,0.905,0.043,0.795,0.748,0.84,0.048,0.675,0.628,0.719,0.046,0.742,0.68,0.805,0.062,0.728,0.673,0.786,0.056
102,Uruguay,URY,2022,3.0,0.819,0.774,0.868,0.048,0.748,0.702,0.804,0.051,0.65,0.607,0.704,0.049,0.693,0.632,0.759,0.065,0.667,0.611,0.732,0.061
102,Uruguay,URY,2023,3.0,0.834,0.795,0.883,0.046,0.757,0.71,0.806,0.05,0.66,0.614,0.708,0.048,0.711,0.653,0.78,0.066,0.698,0.641,0.76,0.06
102,Uruguay,URY,2024,3.0,0.848,0.811,0.899,0.045,0.769,0.72,0.822,0.051,0.705,0.655,0.75,0.048,0.721,0.654,0.79,0.069,0.682,0.619,0.746,0.064
114,Dominican Republic,DOM,2000,2.0,0.657,0.592,0.724,0.065,0.36,0.305,0.403,0.049,0.423,0.369,0.467,0.048,0.495,0.429,0.573,0.072,0.337,0.276,0.393,0.059
114,Dominican Republic,DOM,2001,2.0,0.664,0.604,0.736,0.065,0.354,0.309,0.405,0.048,0.428,0.378,0.476,0.049,0.5,0.426,0.572,0.073,0.344,0.274,0.396,0.06
114,Dominican Republic,DOM,2002,2.0,0.66,0.594,0.726,0.065,0.35,0.303,0.401,0.05,0.427,0.376,0.472,0.049,0.497,0.423,0.568,0.073,0.342,0.28,0.401,0.06
114,Dominican Republic,DOM,2003,2.0,0.658,0.587,0.721,0.065,0.347,0.3,0.395,0.049,0.426,0.374,0.47,0.049,0.495,0.421,0.566,0.073,0.341,0.283,0.404,0.061
114,Dominican Republic,DOM,2004,2.0,0.644,0.581,0.715,0.067,0.339,0.287,0.381,0.048,0.415,0.366,0.464,0.049,0.486,0.41,0.556,0.073,0.332,0.273,0.393,0.06
114,Dominican Republic,DOM,2005,2.0,0.636,0.577,0.712,0.068,0.34,0.294,0.39,0.049,0.409,0.361,0.46,0.05,0.481,0.403,0.55,0.073,0.327,0.271,0.391,0.059
114,Dominican Republic,DOM,2006,2.0,0.637,0.572,0.7,0.065,0.339,0.289,0.383,0.048,0.409,0.36,0.455,0.048,0.482,0.41,0.553,0.071,0.327,0.271,0.387,0.058
114,Dominican Republic,DOM,2007,2.0,0.635,0.574,0.701,0.063,0.344,0.292,0.385,0.047,0.408,0.352,0.447,0.047,0.48,0.415,0.554,0.07,0.326,0.269,0.38,0.057
114,Dominican Republic,DOM,2008,2.0,0.632,0.566,0.695,0.065,0.342,0.289,0.382,0.047,0.406,0.355,0.451,0.048,0.477,0.412,0.551,0.07,0.325,0.266,0.379,0.058
114,Dominican Republic,DOM,2009,2.0,0.631,0.561,0.691,0.065,0.341,0.287,0.381,0.048,0.405,0.357,0.453,0.048,0.476,0.411,0.549,0.071,0.325,0.264,0.377,0.058
114,Dominican Republic,DOM,2010,2.0,0.614,0.549,0.677,0.063,0.339,0.285,0.381,0.049,0.395,0.348,0.439,0.046,0.464,0.395,0.529,0.067,0.321,0.264,0.373,0.054
114,Dominican Republic,DOM,2011,2.0,0.606,0.542,0.67,0.063,0.322,0.277,0.366,0.046,0.392,0.345,0.433,0.046,0.46,0.397,0.529,0.065,0.317,0.259,0.367,0.054
114,Dominican Republic,DOM,2012,2.0,0.601,0.54,0.662,0.062,0.324,0.276,0.365,0.046,0.388,0.344,0.432,0.045,0.465,0.399,0.53,0.066,0.318,0.261,0.366,0.053
114,Dominican Republic,DOM,2013,2.0,0.598,0.54,0.667,0.063,0.313,0.266,0.354,0.044,0.38,0.33,0.419,0.045,0.42,0.359,0.493,0.068,0.316,0.255,0.361,0.054
114,Dominican Republic,DOM,2014,2.0,0.598,0.54,0.667,0.063,0.31,0.256,0.344,0.043,0.38,0.33,0.419,0.045,0.42,0.359,0.493,0.068,0.316,0.255,0.361,0.054
114,Dominican Republic,DOM,2015,2.0,0.576,0.511,0.638,0.065,0.3,0.257,0.342,0.043,0.358,0.307,0.398,0.046,0.411,0.343,0.48,0.068,0.31,0.258,0.359,0.053
114,Dominican Republic,DOM,2016,2.0,0.553,0.493,0.617,0.062,0.292,0.25,0.335,0.043,0.345,0.304,0.389,0.043,0.386,0.323,0.451,0.066,0.289,0.236,0.335,0.05
114,Dominican Republic,DOM,2017,2.0,0.541,0.488,0.611,0.061,0.28,0.242,0.322,0.041,0.336,0.297,0.378,0.042,0.364,0.299,0.425,0.064,0.284,0.238,0.337,0.049
114,Dominican Republic,DOM,2018,2.0,0.547,0.483,0.605,0.062,0.286,0.245,0.329,0.043,0.344,0.297,0.382,0.043,0.364,0.299,0.428,0.066,0.285,0.235,0.337,0.051
114,Dominican Republic,DOM,2019,2.0,0.541,0.478,0.603,0.064,0.289,0.239,0.323,0.043,0.353,0.305,0.391,0.044,0.368,0.303,0.435,0.067,0.276,0.228,0.322,0.048
114,Dominican Republic,DOM,2020,2.0,0.643,0.578,0.712,0.068,0.4,0.346,0.451,0.053,0.426,0.379,0.478,0.05,0.533,0.463,0.604,0.07,0.336,0.275,0.392,0.058
114,Dominican Republic,DOM,2021,2.0,0.687,0.623,0.756,0.068,0.444,0.387,0.498,0.056,0.461,0.418,0.517,0.05,0.607,0.526,0.666,0.069,0.389,0.314,0.439,0.063
114,Dominican Republic,DOM,2022,2.0,0.683,0.614,0.749,0.067,0.437,0.372,0.485,0.058,0.456,0.401,0.5,0.051,0.604,0.532,0.667,0.068,0.368,0.308,0.428,0.061
114,Dominican Republic,DOM,2023,2.0,0.683,0.614,0.749,0.067,0.431,0.378,0.492,0.059,0.444,0.39,0.495,0.052,0.597,0.539,0.673,0.067,0.371,0.305,0.425,0.061
114,Dominican Republic,DOM,2024,2.0,0.705,0.639,0.773,0.068,0.45,0.391,0.508,0.059,0.461,0.411,0.517,0.052,0.577,0.501,0.654,0.076,0.394,0.338,0.465,0.064
120,Jamaica,JAM,2000,2.0,0.683,0.617,0.757,0.07,0.56,0.506,0.633,0.063,0.426,0.367,0.477,0.055,0.551,0.482,0.631,0.074,0.512,0.442,0.575,0.067
120,Jamaica,JAM,2001,2.0,0.683,0.617,0.757,0.07,0.56,0.506,0.633,0.063,0.426,0.367,0.477,0.055,0.551,0.482,0.631,0.074,0.512,0.442,0.575,0.067
120,Jamaica,JAM,2002,2.0,0.706,0.645,0.78,0.068,0.578,0.519,0.646,0.064,0.441,0.384,0.492,0.054,0.57,0.499,0.647,0.075,0.53,0.464,0.594,0.065
120,Jamaica,JAM,2003,2.0,0.751,0.699,0.829,0.065,0.626,0.562,0.689,0.064,0.473,0.412,0.524,0.055,0.607,0.539,0.693,0.076,0.567,0.504,0.638,0.067
120,Jamaica,JAM,2004,2.0,0.751,0.699,0.829,0.065,0.626,0.562,0.689,0.064,0.473,0.412,0.524,0.055,0.607,0.539,0.693,0.076,0.567,0.504,0.638,0.067
120,Jamaica,JAM,2005,2.0,0.756,0.697,0.823,0.065,0.635,0.576,0.704,0.064,0.49,0.432,0.541,0.055,0.615,0.556,0.707,0.074,0.57,0.503,0.638,0.068
120,Jamaica,JAM,2006,2.0,0.763,0.696,0.825,0.066,0.639,0.575,0.705,0.066,0.495,0.433,0.547,0.055,0.623,0.541,0.69,0.074,0.578,0.498,0.638,0.07
120,Jamaica,JAM,2007,2.0,0.767,0.703,0.829,0.065,0.647,0.582,0.71,0.064,0.498,0.439,0.55,0.054,0.626,0.549,0.696,0.073,0.581,0.511,0.648,0.068
120,Jamaica,JAM,2008,2.0,0.776,0.717,0.837,0.061,0.656,0.599,0.721,0.061,0.505,0.453,0.558,0.052,0.632,0.566,0.707,0.072,0.588,0.519,0.651,0.067
120,Jamaica,JAM,2009,2.0,0.776,0.717,0.837,0.061,0.656,0.599,0.721,0.061,0.505,0.453,0.558,0.052,0.632,0.566,0.707,0.072,0.588,0.519,0.651,0.067
120,Jamaica,JAM,2010,2.0,0.776,0.717,0.837,0.061,0.656,0.6,0.724,0.061,0.505,0.453,0.558,0.052,0.639,0.564,0.705,0.072,0.591,0.525,0.657,0.067
120,Jamaica,JAM,2011,2.0,0.773,0.719,0.837,0.059,0.655,0.6,0.72,0.061,0.509,0.458,0.559,0.052,0.635,0.563,0.703,0.071,0.588,0.51,0.644,0.066
120,Jamaica,JAM,2012,2.0,0.785,0.737,0.85,0.058,0.666,0.619,0.74,0.059,0.517,0.473,0.573,0.051,0.65,0.59,0.728,0.07,0.597,0.528,0.661,0.067
120,Jamaica,JAM,2013,2.0,0.801,0.745,0.86,0.058,0.683,0.614,0.733,0.06,0.536,0.49,0.589,0.049,0.676,0.619,0.759,0.069,0.605,0.55,0.682,0.066
120,Jamaica,JAM,2014,2.0,0.801,0.745,0.86,0.058,0.683,0.614,0.733,0.06,0.541,0.499,0.595,0.049,0.691,0.63,0.762,0.069,0.606,0.542,0.673,0.066
120,Jamaica,JAM,2015,2.0,0.801,0.745,0.86,0.058,0.683,0.614,0.733,0.06,0.541,0.499,0.595,0.049,0.691,0.63,0.762,0.069,0.609,0.552,0.685,0.066
120,Jamaica,JAM,2016,2.0,0.809,0.751,0.865,0.058,0.69,0.63,0.75,0.06,0.546,0.497,0.596,0.049,0.696,0.638,0.778,0.07,0.616,0.55,0.681,0.067
120,Jamaica,JAM,2017,2.0,0.815,0.766,0.874,0.056,0.704,0.648,0.765,0.059,0.559,0.516,0.61,0.048,0.702,0.64,0.771,0.067,0.637,0.575,0.703,0.064
120,Jamaica,JAM,2018,2.0,0.811,0.758,0.864,0.056,0.693,0.627,0.743,0.059,0.554,0.516,0.607,0.047,0.692,0.63,0.768,0.07,0.629,0.569,0.695,0.064
120,Jamaica,JAM,2019,3.0,0.814,0.77,0.878,0.057,0.707,0.652,0.77,0.06,0.551,0.508,0.604,0.049,0.696,0.634,0.774,0.07,0.649,0.585,0.719,0.066
120,Jamaica,JAM,2020,2.0,0.814,0.763,0.873,0.058,0.705,0.651,0.77,0.06,0.548,0.502,0.601,0.05,0.679,0.602,0.749,0.074,0.65,0.584,0.722,0.07
120,Jamaica,JAM,2021,2.0,0.806,0.755,0.869,0.058,0.695,0.628,0.749,0.061,0.531,0.479,0.587,0.053,0.648,0.566,0.717,0.076,0.662,0.601,0.731,0.066
120,Jamaica,JAM,2022,2.0,0.803,0.747,0.859,0.058,0.699,0.643,0.765,0.061,0.535,0.489,0.59,0.051,0.679,0.617,0.757,0.073,0.656,0.597,0.726,0.066
120,Jamaica,JAM,2023,2.0,0.803,0.747,0.859,0.058,0.684,0.623,0.745,0.061,0.522,0.469,0.578,0.054,0.658,0.585,0.735,0.076,0.668,0.597,0.73,0.067
120,Jamaica,JAM,2024,3.0,0.803,0.747,0.859,0.058,0.684,0.632,0.751,0.061,0.534,0.484,0.585,0.052,0.609,0.516,0.684,0.085,0.642,0.576,0.71,0.068
135,Trinidad and Tobago,TTO,2000,2.0,0.767,0.718,0.829,0.057,0.639,0.58,0.697,0.059,0.488,0.44,0.536,0.048,0.634,0.577,0.712,0.071,0.625,0.562,0.688,0.064
135,Trinidad and Tobago,TTO,2001,2.0,0.731,0.682,0.802,0.061,0.609,0.545,0.665,0.06,0.464,0.414,0.513,0.05,0.609,0.543,0.681,0.071,0.597,0.536,0.666,0.065
135,Trinidad and Tobago,TTO,2002,2.0,0.746,0.695,0.813,0.059,0.621,0.568,0.688,0.06,0.472,0.427,0.526,0.05,0.618,0.559,0.701,0.071,0.61,0.543,0.673,0.064
135,Trinidad and Tobago,TTO,2003,2.0,0.758,0.709,0.823,0.058,0.64,0.579,0.698,0.059,0.482,0.439,0.538,0.05,0.629,0.566,0.706,0.07,0.62,0.556,0.683,0.064
135,Trinidad and Tobago,TTO,2004,2.0,0.758,0.709,0.823,0.058,0.64,0.579,0.698,0.059,0.482,0.439,0.538,0.05,0.629,0.566,0.706,0.07,0.62,0.556,0.683,0.064
135,Trinidad and Tobago,TTO,2005,3.0,0.759,0.709,0.823,0.057,0.639,0.586,0.701,0.058,0.481,0.439,0.537,0.049,0.629,0.57,0.709,0.069,0.627,0.563,0.689,0.063
135,Trinidad and Tobago,TTO,2006,3.0,0.763,0.712,0.828,0.058,0.642,0.587,0.705,0.059,0.485,0.436,0.536,0.05,0.631,0.569,0.711,0.071,0.631,0.567,0.695,0.064
135,Trinidad and Tobago,TTO,2007,3.0,0.76,0.703,0.819,0.058,0.642,0.582,0.702,0.059,0.483,0.438,0.538,0.05,0.629,0.556,0.698,0.071,0.629,0.566,0.692,0.064
135,Trinidad and Tobago,TTO,2008,3.0,0.764,0.712,0.827,0.058,0.646,0.583,0.704,0.06,0.487,0.435,0.536,0.05,0.636,0.575,0.715,0.071,0.635,0.575,0.701,0.064
135,Trinidad and Tobago,TTO,2009,3.0,0.764,0.712,0.827,0.058,0.646,0.583,0.704,0.06,0.487,0.435,0.536,0.05,0.63,0.552,0.697,0.073,0.636,0.576,0.706,0.065
135,Trinidad and Tobago,TTO,2010,3.0,0.775,0.727,0.837,0.058,0.654,0.596,0.713,0.06,0.492,0.445,0.544,0.05,0.625,0.557,0.699,0.072,0.649,0.592,0.716,0.064
135,Trinidad and Tobago,TTO,2011,3.0,0.78,0.732,0.842,0.058,0.659,0.6,0.72,0.061,0.498,0.451,0.55,0.05,0.631,0.566,0.709,0.073,0.654,0.595,0.72,0.064
135,Trinidad and Tobago,TTO,2012,3.0,0.78,0.732,0.842,0.058,0.659,0.6,0.72,0.061,0.498,0.451,0.55,0.05,0.648,0.58,0.722,0.073,0.654,0.595,0.72,0.064
135,Trinidad and Tobago,TTO,2013,3.0,0.746,0.698,0.811,0.056,0.631,0.569,0.685,0.058,0.479,0.439,0.538,0.049,0.614,0.547,0.681,0.07,0.584,0.52,0.648,0.064
135,Trinidad and Tobago,TTO,2014,3.0,0.746,0.698,0.811,0.056,0.63,0.578,0.694,0.058,0.479,0.439,0.538,0.049,0.614,0.547,0.681,0.07,0.587,0.524,0.653,0.065
135,Trinidad and Tobago,TTO,2015,3.0,0.764,0.711,0.822,0.056,0.645,0.593,0.709,0.058,0.492,0.45,0.548,0.048,0.63,0.56,0.702,0.071,0.607,0.547,0.673,0.064
135,Trinidad and Tobago,TTO,2016,3.0,0.754,0.707,0.818,0.056,0.638,0.585,0.698,0.057,0.486,0.438,0.533,0.048,0.672,0.613,0.733,0.061,0.6,0.539,0.664,0.063
135,Trinidad and Tobago,TTO,2017,3.0,0.75,0.703,0.818,0.058,0.634,0.575,0.694,0.059,0.484,0.431,0.528,0.049,0.676,0.614,0.739,0.062,0.597,0.535,0.666,0.066
135,Trinidad and Tobago,TTO,2018,3.0,0.744,0.687,0.802,0.058,0.628,0.573,0.689,0.058,0.479,0.428,0.522,0.048,0.667,0.607,0.733,0.064,0.592,0.53,0.659,0.064
135,Trinidad and Tobago,TTO,2019,3.0,0.75,0.688,0.806,0.06,0.64,0.588,0.707,0.059,0.477,0.427,0.528,0.05,0.676,0.615,0.737,0.062,0.602,0.541,0.67,0.066
135,Trinidad and Tobago,TTO,2020,3.0,0.753,0.697,0.814,0.058,0.632,0.576,0.694,0.06,0.476,0.427,0.527,0.05,0.679,0.611,0.737,0.062,0.608,0.543,0.672,0.065
135,Trinidad and Tobago,TTO,2021,2.0,0.77,0.712,0.829,0.061,0.642,0.571,0.698,0.063,0.493,0.445,0.547,0.051,0.694,0.629,0.756,0.066,0.613,0.547,0.681,0.067
135,Trinidad and Tobago,TTO,2022,2.0,0.755,0.692,0.808,0.059,0.627,0.561,0.681,0.061,0.486,0.436,0.535,0.05,0.682,0.623,0.748,0.064,0.609,0.539,0.669,0.065
135,Trinidad and Tobago,TTO,2023,2.0,0.755,0.692,0.808,0.059,0.627,0.561,0.681,0.061,0.486,0.436,0.535,0.05,0.682,0.623,0.748,0.064,0.605,0.539,0.667,0.066
135,Trinidad and Tobago,TTO,2024,2.0,0.755,0.692,0.808,0.059,0.627,0.561,0.681,0.061,0.486,0.436,0.535,0.05,0.682,0.623,0.748,0.064,0.605,0.539,0.667,0.066
147,Barbados,BRB,2000,2.0,0.769,0.718,0.834,0.059,0.658,0.595,0.714,0.059,0.331,0.295,0.369,0.037,0.622,0.546,0.702,0.077,0.625,0.57,0.701,0.066
147,Barbados,BRB,2001,2.0,0.769,0.718,0.834,0.059,0.658,0.595,0.714,0.059,0.331,0.295,0.369,0.037,0.622,0.546,0.702,0.077,0.625,0.57,0.701,0.066
147,Barbados,BRB,2002,2.0,0.769,0.718,0.834,0.059,0.658,0.595,0.714,0.059,0.331,0.295,0.369,0.037,0.622,0.546,0.702,0.077,0.625,0.57,0.701,0.066
147,Barbados,BRB,2003,2.0,0.767,0.711,0.828,0.06,0.655,0.597,0.715,0.06,0.33,0.294,0.368,0.037,0.65,0.581,0.724,0.073,0.625,0.566,0.7,0.066
147,Barbados,BRB,2004,2.0,0.765,0.707,0.824,0.06,0.654,0.599,0.716,0.06,0.329,0.294,0.368,0.037,0.648,0.578,0.72,0.072,0.625,0.563,0.699,0.066
147,Barbados,BRB,2005,2.0,0.765,0.707,0.824,0.06,0.654,0.599,0.716,0.06,0.329,0.294,0.368,0.037,0.671,0.605,0.738,0.067,0.637,0.572,0.706,0.066
147,Barbados,BRB,2006,2.0,0.765,0.707,0.824,0.06,0.653,0.59,0.708,0.06,0.329,0.294,0.368,0.037,0.671,0.605,0.738,0.067,0.637,0.572,0.706,0.066
147,Barbados,BRB,2007,2.0,0.765,0.707,0.824,0.06,0.654,0.602,0.72,0.06,0.329,0.294,0.368,0.037,0.671,0.605,0.738,0.067,0.637,0.572,0.706,0.066
147,Barbados,BRB,2008,2.0,0.782,0.735,0.842,0.054,0.669,0.622,0.731,0.055,0.34,0.307,0.376,0.035,0.687,0.628,0.752,0.063,0.653,0.594,0.718,0.063
147,Barbados,BRB,2009,2.0,0.783,0.736,0.843,0.054,0.67,0.622,0.731,0.055,0.34,0.308,0.376,0.035,0.687,0.629,0.753,0.062,0.654,0.595,0.719,0.063
147,Barbados,BRB,2010,2.0,0.783,0.736,0.843,0.054,0.668,0.618,0.729,0.055,0.34,0.308,0.376,0.035,0.687,0.629,0.753,0.062,0.654,0.595,0.719,0.063
147,Barbados,BRB,2011,2.0,0.783,0.736,0.843,0.054,0.668,0.618,0.729,0.055,0.34,0.308,0.376,0.035,0.687,0.629,0.753,0.062,0.654,0.595,0.719,0.063
147,Barbados,BRB,2012,2.0,0.783,0.736,0.843,0.054,0.668,0.618,0.729,0.055,0.34,0.308,0.376,0.035,0.687,0.629,0.753,0.062,0.654,0.595,0.719,0.063
147,Barbados,BRB,2013,2.0,0.779,0.733,0.847,0.057,0.665,0.607,0.723,0.058,0.337,0.308,0.381,0.036,0.684,0.627,0.758,0.066,0.65,0.594,0.722,0.065
147,Barbados,BRB,2014,2.0,0.779,0.732,0.848,0.057,0.664,0.614,0.733,0.059,0.336,0.308,0.381,0.036,0.684,0.626,0.758,0.066,0.65,0.594,0.722,0.065
147,Barbados,BRB,2015,3.0,0.777,0.728,0.843,0.058,0.664,0.609,0.726,0.059,0.336,0.304,0.374,0.036,0.681,0.609,0.744,0.069,0.64,0.576,0.707,0.065
147,Barbados,BRB,2016,3.0,0.777,0.728,0.843,0.058,0.664,0.609,0.726,0.059,0.336,0.304,0.374,0.036,0.666,0.594,0.729,0.068,0.64,0.576,0.707,0.065
147,Barbados,BRB,2017,3.0,0.774,0.721,0.833,0.059,0.655,0.595,0.715,0.06,0.336,0.307,0.378,0.036,0.597,0.52,0.672,0.075,0.626,0.572,0.698,0.065
147,Barbados,BRB,2018,3.0,0.776,0.727,0.839,0.057,0.655,0.598,0.717,0.059,0.339,0.304,0.377,0.036,0.679,0.616,0.746,0.065,0.637,0.562,0.693,0.066
147,Barbados,BRB,2019,3.0,0.789,0.735,0.85,0.059,0.664,0.612,0.735,0.061,0.342,0.312,0.385,0.036,0.689,0.626,0.76,0.068,0.656,0.601,0.734,0.067
147,Barbados,BRB,2020,3.0,0.801,0.747,0.855,0.055,0.68,0.634,0.751,0.058,0.355,0.32,0.388,0.036,0.705,0.653,0.78,0.065,0.677,0.616,0.747,0.065
147,Barbados,BRB,2021,3.0,0.795,0.75,0.859,0.058,0.676,0.619,0.739,0.061,0.35,0.309,0.381,0.037,0.696,0.634,0.767,0.069,0.67,0.598,0.726,0.066
147,Barbados,BRB,2022,3.0,0.793,0.741,0.85,0.057,0.673,0.618,0.734,0.059,0.346,0.311,0.383,0.037,0.701,0.644,0.767,0.065,0.669,0.618,0.744,0.064
147,Barbados,BRB,2023,3.0,0.792,0.741,0.85,0.057,0.675,0.618,0.734,0.06,0.346,0.311,0.383,0.037,0.692,0.63,0.761,0.067,0.67,0.613,0.737,0.064
147,Barbados,BRB,2024,3.0,0.786,0.739,0.85,0.058,0.67,0.605,0.724,0.059,0.342,0.304,0.379,0.038,0.71,0.662,0.786,0.062,0.664,0.603,0.733,0.065
155,Cuba,CUB,2000,0.0,0.114,0.097,0.125,0.015,0.039,0.029,0.049,0.01,0.05,0.029,0.063,0.019,0.059,0.032,0.076,0.023,0.232,0.217,0.252,0.018
155,Cuba,CUB,2001,0.0,0.114,0.097,0.125,0.015,0.042,0.031,0.051,0.011,0.05,0.029,0.063,0.019,0.059,0.032,0.076,0.023,0.232,0.217,0.252,0.018
155,Cuba,CUB,2002,0.0,0.114,0.097,0.125,0.015,0.042,0.031,0.051,0.011,0.05,0.029,0.063,0.019,0.059,0.032,0.076,0.023,0.232,0.217,0.252,0.018
155,Cuba,CUB,2003,0.0,0.114,0.097,0.126,0.015,0.04,0.029,0.048,0.011,0.05,0.031,0.065,0.019,0.058,0.032,0.076,0.023,0.232,0.219,0.253,0.018
155,Cuba,CUB,2004,0.0,0.114,0.097,0.126,0.015,0.04,0.029,0.048,0.011,0.05,0.032,0.065,0.019,0.058,0.032,0.076,0.023,0.223,0.205,0.243,0.019
155,Cuba,CUB,2005,0.0,0.113,0.098,0.126,0.015,0.041,0.029,0.049,0.011,0.05,0.031,0.065,0.019,0.058,0.033,0.077,0.023,0.223,0.205,0.242,0.019
155,Cuba,CUB,2006,0.0,0.114,0.097,0.126,0.015,0.041,0.03,0.05,0.011,0.05,0.032,0.065,0.019,0.058,0.034,0.079,0.023,0.223,0.204,0.241,0.019
155,Cuba,CUB,2007,0.0,0.114,0.097,0.126,0.015,0.041,0.029,0.049,0.011,0.05,0.032,0.065,0.019,0.071,0.041,0.092,0.026,0.222,0.204,0.241,0.019
155,Cuba,CUB,2008,0.0,0.105,0.091,0.117,0.013,0.039,0.028,0.048,0.01,0.049,0.031,0.064,0.019,0.074,0.044,0.095,0.028,0.22,0.201,0.238,0.019
155,Cuba,CUB,2009,0.0,0.167,0.153,0.179,0.014,0.05,0.039,0.06,0.011,0.059,0.039,0.074,0.02,0.085,0.054,0.108,0.029,0.239,0.221,0.261,0.021
155,Cuba,CUB,2010,0.0,0.167,0.153,0.179,0.014,0.05,0.038,0.059,0.011,0.06,0.041,0.078,0.02,0.085,0.054,0.108,0.029,0.24,0.222,0.261,0.02
155,Cuba,CUB,2011,0.0,0.167,0.153,0.179,0.014,0.051,0.039,0.061,0.012,0.056,0.032,0.069,0.021,0.085,0.054,0.108,0.029,0.24,0.222,0.261,0.02
155,Cuba,CUB,2012,0.0,0.167,0.153,0.179,0.014,0.051,0.039,0.06,0.011,0.054,0.032,0.068,0.02,0.09,0.058,0.114,0.029,0.24,0.222,0.261,0.02
155,Cuba,CUB,2013,0.0,0.169,0.155,0.181,0.014,0.057,0.045,0.069,0.012,0.052,0.032,0.066,0.019,0.087,0.059,0.116,0.029,0.233,0.212,0.252,0.021
155,Cuba,CUB,2014,0.0,0.169,0.154,0.181,0.014,0.057,0.046,0.07,0.012,0.052,0.032,0.066,0.019,0.088,0.058,0.116,0.029,0.233,0.211,0.252,0.021
155,Cuba,CUB,2015,0.0,0.169,0.155,0.181,0.014,0.057,0.043,0.066,0.012,0.052,0.032,0.066,0.019,0.088,0.058,0.115,0.029,0.233,0.214,0.255,0.021
155,Cuba,CUB,2016,0.0,0.171,0.154,0.181,0.014,0.056,0.041,0.065,0.012,0.052,0.033,0.065,0.019,0.082,0.051,0.106,0.029,0.233,0.211,0.254,0.022
155,Cuba,CUB,2017,0.0,0.17,0.155,0.181,0.014,0.058,0.046,0.07,0.013,0.052,0.033,0.066,0.019,0.082,0.053,0.108,0.028,0.232,0.212,0.255,0.022
155,Cuba,CUB,2018,0.0,0.177,0.162,0.19,0.014,0.06,0.046,0.071,0.013,0.058,0.036,0.072,0.02,0.099,0.068,0.127,0.03,0.227,0.205,0.251,0.022
155,Cuba,CUB,2019,0.0,0.181,0.165,0.194,0.015,0.061,0.049,0.073,0.013,0.068,0.045,0.084,0.02,0.1,0.069,0.127,0.031,0.244,0.224,0.264,0.021
155,Cuba,CUB,2020,0.0,0.179,0.164,0.192,0.015,0.06,0.048,0.073,0.013,0.065,0.043,0.079,0.02,0.103,0.065,0.13,0.033,0.242,0.223,0.264,0.021
155,Cuba,CUB,2021,0.0,0.179,0.164,0.192,0.015,0.055,0.044,0.067,0.012,0.065,0.043,0.079,0.02,0.102,0.067,0.131,0.033,0.242,0.221,0.262,0.021
155,Cuba,CUB,2022,0.0,0.178,0.164,0.192,0.015,0.056,0.043,0.066,0.012,0.065,0.042,0.079,0.02,0.099,0.062,0.124,0.032,0.233,0.211,0.254,0.022
155,Cuba,CUB,2023,0.0,0.175,0.16,0.188,0.015,0.055,0.041,0.064,0.012,0.064,0.042,0.078,0.02,0.101,0.07,0.131,0.031,0.229,0.207,0.251,0.022
155,Cuba,CUB,2024,0.0,0.178,0.163,0.193,0.016,0.055,0.043,0.066,0.012,0.065,0.041,0.078,0.02,0.096,0.062,0.121,0.031,0.23,0.213,0.256,0.022
166,Guyana,GUY,2000,2.0,0.527,0.462,0.574,0.057,0.34,0.3,0.386,0.044,0.322,0.283,0.366,0.041,0.254,0.196,0.308,0.057,0.369,0.317,0.419,0.052
166,Guyana,GUY,2001,2.0,0.555,0.496,0.611,0.059,0.356,0.306,0.398,0.047,0.339,0.296,0.381,0.043,0.312,0.25,0.372,0.062,0.388,0.34,0.446,0.054
166,Guyana,GUY,2002,2.0,0.568,0.501,0.62,0.06,0.362,0.308,0.402,0.048,0.346,0.309,0.396,0.044,0.321,0.252,0.38,0.064,0.382,0.325,0.431,0.055
166,Guyana,GUY,2003,2.0,0.585,0.521,0.64,0.06,0.373,0.323,0.416,0.049,0.356,0.314,0.405,0.045,0.329,0.259,0.388,0.065,0.397,0.336,0.45,0.057
166,Guyana,GUY,2004,2.0,0.585,0.521,0.64,0.06,0.372,0.326,0.421,0.049,0.356,0.314,0.405,0.045,0.329,0.259,0.388,0.065,0.406,0.355,0.467,0.056
166,Guyana,GUY,2005,2.0,0.585,0.521,0.64,0.06,0.371,0.327,0.421,0.049,0.356,0.314,0.405,0.045,0.329,0.259,0.388,0.065,0.406,0.355,0.467,0.056
166,Guyana,GUY,2006,2.0,0.582,0.527,0.645,0.06,0.371,0.322,0.417,0.048,0.353,0.305,0.394,0.045,0.327,0.267,0.392,0.065,0.405,0.346,0.457,0.057
166,Guyana,GUY,2007,2.0,0.582,0.523,0.647,0.062,0.371,0.326,0.423,0.049,0.354,0.306,0.395,0.045,0.329,0.267,0.402,0.067,0.405,0.345,0.461,0.058
166,Guyana,GUY,2008,2.0,0.583,0.509,0.633,0.061,0.369,0.33,0.426,0.048,0.354,0.306,0.393,0.045,0.329,0.251,0.386,0.067,0.402,0.346,0.461,0.058
166,Guyana,GUY,2009,2.0,0.583,0.52,0.645,0.061,0.372,0.319,0.417,0.049,0.358,0.309,0.4,0.045,0.329,0.263,0.399,0.068,0.404,0.346,0.462,0.059
166,Guyana,GUY,2010,2.0,0.58,0.518,0.638,0.062,0.371,0.325,0.426,0.05,0.358,0.303,0.392,0.045,0.322,0.255,0.386,0.068,0.404,0.343,0.459,0.059
166,Guyana,GUY,2011,2.0,0.581,0.518,0.639,0.06,0.372,0.324,0.42,0.048,0.357,0.314,0.402,0.044,0.323,0.25,0.384,0.067,0.403,0.343,0.458,0.056
166,Guyana,GUY,2012,2.0,0.579,0.51,0.631,0.061,0.373,0.326,0.422,0.05,0.355,0.314,0.402,0.044,0.339,0.266,0.398,0.066,0.4,0.337,0.451,0.057
166,Guyana,GUY,2013,2.0,0.61,0.549,0.666,0.06,0.391,0.345,0.444,0.049,0.375,0.327,0.417,0.045,0.36,0.291,0.423,0.067,0.421,0.35,0.467,0.059
166,Guyana,GUY,2014,2.0,0.608,0.547,0.671,0.061,0.39,0.332,0.429,0.051,0.376,0.33,0.42,0.046,0.357,0.285,0.42,0.068,0.422,0.354,0.47,0.06
166,Guyana,GUY,2015,2.0,0.647,0.583,0.711,0.064,0.45,0.398,0.508,0.055,0.399,0.354,0.45,0.048,0.377,0.3,0.445,0.073,0.461,0.406,0.529,0.062
166,Guyana,GUY,2016,2.0,0.659,0.602,0.726,0.062,0.458,0.398,0.506,0.055,0.405,0.354,0.448,0.048,0.395,0.327,0.478,0.075,0.467,0.398,0.524,0.063
166,Guyana,GUY,2017,2.0,0.661,0.591,0.717,0.065,0.454,0.4,0.51,0.056,0.408,0.364,0.463,0.049,0.417,0.347,0.497,0.075,0.488,0.421,0.548,0.063
166,Guyana,GUY,2018,2.0,0.665,0.601,0.724,0.063,0.457,0.4,0.505,0.054,0.406,0.365,0.463,0.049,0.459,0.391,0.544,0.076,0.494,0.424,0.552,0.065
166,Guyana,GUY,2019,2.0,0.645,0.59,0.717,0.063,0.438,0.382,0.485,0.052,0.391,0.349,0.445,0.049,0.464,0.387,0.532,0.073,0.479,0.426,0.546,0.061
166,Guyana,GUY,2020,2.0,0.557,0.493,0.62,0.064,0.393,0.341,0.438,0.05,0.34,0.296,0.384,0.045,0.366,0.297,0.437,0.07,0.413,0.354,0.466,0.057
166,Guyana,GUY,2021,1.0,0.495,0.431,0.549,0.059,0.342,0.29,0.378,0.043,0.295,0.253,0.334,0.041,0.242,0.188,0.302,0.059,0.367,0.316,0.417,0.051
166,Guyana,GUY,2022,1.0,0.496,0.427,0.547,0.059,0.341,0.296,0.384,0.045,0.295,0.26,0.345,0.043,0.242,0.172,0.29,0.059,0.36,0.304,0.403,0.05
166,Guyana,GUY,2023,1.0,0.491,0.429,0.548,0.06,0.316,0.271,0.352,0.042,0.292,0.247,0.33,0.042,0.24,0.178,0.294,0.059,0.366,0.312,0.413,0.051
166,Guyana,GUY,2024,1.0,0.491,0.431,0.554,0.059,0.315,0.276,0.359,0.043,0.291,0.245,0.33,0.042,0.237,0.178,0.295,0.058,0.359,0.31,0.407,0.05
189,Paraguay,PRY,2000,2.0,0.54,0.48,0.6,0.061,0.394,0.344,0.44,0.05,0.329,0.288,0.371,0.042,0.283,0.225,0.354,0.065,0.195,0.15,0.232,0.042
189,Paraguay,PRY,2001,2.0,0.54,0.48,0.6,0.061,0.394,0.344,0.44,0.05,0.329,0.288,0.371,0.042,0.283,0.225,0.354,0.065,0.195,0.15,0.232,0.042
189,Paraguay,PRY,2002,2.0,0.54,0.48,0.6,0.061,0.394,0.344,0.44,0.05,0.337,0.291,0.376,0.043,0.283,0.225,0.354,0.065,0.195,0.151,0.23,0.041
189,Paraguay,PRY,2003,2.0,0.566,0.504,0.629,0.062,0.408,0.348,0.451,0.052,0.351,0.308,0.398,0.045,0.309,0.242,0.372,0.066,0.213,0.167,0.254,0.044
189,Paraguay,PRY,2004,2.0,0.594,0.537,0.665,0.064,0.427,0.377,0.484,0.055,0.368,0.321,0.415,0.047,0.344,0.27,0.401,0.067,0.225,0.176,0.265,0.045
189,Paraguay,PRY,2005,2.0,0.594,0.537,0.665,0.064,0.423,0.374,0.482,0.055,0.368,0.321,0.415,0.047,0.344,0.27,0.401,0.067,0.226,0.182,0.271,0.046
189,Paraguay,PRY,2006,2.0,0.594,0.537,0.665,0.064,0.426,0.373,0.481,0.056,0.368,0.321,0.415,0.047,0.341,0.276,0.405,0.066,0.233,0.177,0.275,0.048
189,Paraguay,PRY,2007,2.0,0.594,0.537,0.665,0.064,0.445,0.393,0.501,0.055,0.368,0.321,0.415,0.047,0.341,0.276,0.405,0.066,0.237,0.186,0.278,0.047
189,Paraguay,PRY,2008,2.0,0.62,0.557,0.683,0.063,0.491,0.43,0.542,0.056,0.405,0.362,0.456,0.048,0.437,0.373,0.508,0.067,0.282,0.227,0.332,0.053
189,Paraguay,PRY,2009,2.0,0.636,0.575,0.703,0.064,0.505,0.441,0.558,0.059,0.406,0.36,0.46,0.049,0.453,0.382,0.518,0.07,0.293,0.236,0.341,0.054
189,Paraguay,PRY,2010,2.0,0.64,0.577,0.705,0.064,0.51,0.453,0.565,0.058,0.406,0.357,0.453,0.048,0.454,0.383,0.522,0.071,0.296,0.239,0.347,0.055
189,Paraguay,PRY,2011,2.0,0.633,0.576,0.708,0.066,0.501,0.451,0.569,0.058,0.421,0.371,0.472,0.05,0.436,0.374,0.51,0.07,0.291,0.237,0.343,0.054
189,Paraguay,PRY,2012,2.0,0.609,0.539,0.667,0.063,0.48,0.423,0.532,0.055,0.397,0.339,0.435,0.048,0.408,0.343,0.483,0.069,0.263,0.207,0.302,0.048
189,Paraguay,PRY,2013,2.0,0.589,0.534,0.659,0.062,0.403,0.351,0.455,0.053,0.369,0.32,0.413,0.047,0.325,0.257,0.39,0.068,0.227,0.186,0.278,0.046
189,Paraguay,PRY,2014,2.0,0.595,0.537,0.666,0.065,0.411,0.359,0.467,0.055,0.373,0.323,0.416,0.047,0.326,0.263,0.389,0.065,0.231,0.183,0.274,0.047
189,Paraguay,PRY,2015,2.0,0.591,0.534,0.658,0.062,0.417,0.363,0.468,0.053,0.376,0.335,0.426,0.046,0.325,0.255,0.385,0.066,0.235,0.191,0.283,0.048
189,Paraguay,PRY,2016,2.0,0.591,0.53,0.66,0.064,0.419,0.358,0.467,0.056,0.374,0.326,0.42,0.047,0.33,0.259,0.388,0.064,0.234,0.188,0.28,0.048
189,Paraguay,PRY,2017,2.0,0.594,0.529,0.653,0.063,0.416,0.353,0.461,0.054,0.369,0.326,0.422,0.048,0.332,0.271,0.399,0.066,0.241,0.192,0.288,0.05
189,Paraguay,PRY,2018,2.0,0.584,0.523,0.647,0.062,0.416,0.364,0.469,0.053,0.362,0.317,0.41,0.047,0.355,0.287,0.414,0.066,0.233,0.18,0.272,0.047
189,Paraguay,PRY,2019,2.0,0.584,0.521,0.643,0.062,0.42,0.365,0.469,0.052,0.362,0.311,0.401,0.047,0.382,0.306,0.442,0.068,0.237,0.188,0.283,0.049
189,Paraguay,PRY,2020,2.0,0.582,0.516,0.64,0.063,0.429,0.373,0.477,0.053,0.356,0.302,0.394,0.046,0.353,0.29,0.423,0.067,0.242,0.188,0.286,0.05
189,Paraguay,PRY,2021,2.0,0.582,0.516,0.64,0.063,0.432,0.379,0.482,0.053,0.355,0.301,0.393,0.046,0.353,0.29,0.423,0.067,0.249,0.199,0.293,0.048
189,Paraguay,PRY,2022,2.0,0.582,0.516,0.64,0.063,0.432,0.375,0.477,0.053,0.353,0.306,0.397,0.046,0.347,0.277,0.411,0.067,0.245,0.194,0.29,0.049
189,Paraguay,PRY,2023,2.0,0.575,0.513,0.642,0.064,0.419,0.366,0.472,0.054,0.347,0.3,0.394,0.046,0.333,0.259,0.394,0.069,0.244,0.188,0.285,0.05
189,Paraguay,PRY,2024,2.0,0.579,0.521,0.645,0.062,0.388,0.342,0.442,0.051,0.343,0.294,0.384,0.045,0.313,0.245,0.372,0.065,0.249,0.194,0.293,0.051
